program_name,q,a
청년 임차보증금 이자지원사업,신청은 어떻게 하나요?,서울주거포털(http://housing.seoul.go.kr)에서 ‘청년 임차보증금 이자지원’메뉴로 들어가셔서 신청하시면 됩니다.
청년 임차보증금 이자지원사업,추천서 발급 신청결과는 언제 알 수 있나요?,"‘마이페이지' 내 청년 임차보증금 지원현황에서 신청 확인, 수정, 신청취소, 추천서 출력을 하실 수 있습니다. 신청이 완료된 경우 지원현황에 작성완료로 표시되며, 서울시 심사완료 후에는 신청자 휴대전화로 SMS(카카오톡 알림톡)가 발송됩니다.
※ 신청완료 후 통신상태 불량, 모바일/PC에서 파일 업로드 중 오류 등으로 인해 파일 첨부가 누락되는 경우가 있으므로[서울주거포털 - 마이페이지 - 청년 임차보증금 이자지원 신청내역]에서 파일 첨부가 올바르게 되었는지 반드시 확인하기 바랍니다.
※ 작성완료 후 ‘수정’버튼을 누르면 최종 수정한 시간이 최종적으로 작성완료한 시간으로 산정되므로 심사 순서가 바뀌게 됩니다. 따라서, 작성완료 후 수정 사항이 없다면 가급적 수정버튼 누르는 것은 지양 하십시오.
※ 추천서 발급은 신청 순으로 진행되므로 신청 후 유선 문의 등으로 빠른 심사를 요청하더라도 불가합니다."
청년 임차보증금 이자지원사업,심사결과가 '승인거부'가 나왔을 때는?,"신청 완료 후 심사 부적격 사유 발생 시(필요 서류 미 첨부, 보완 서류 필요 등)‘승인거부’처리 됩니다. 심사 결과가 ‘승인거부’일 시에는 마이페이지에서 수정 버튼을 누른 후 거부사유를 보완하면 재심사요청이 됩니다. 재심사요청 시에도 심사는 재심사 요청 기준 일로부터 근무일 기준 3일 내외가 소요되오니 시간적인 여유를 가지고 신청하시기 바랍니다."
청년 임차보증금 이자지원사업,타지역 거주자도 신청가능한가요?,"계약하신 임차물건이 서울시 관내에 위치한다면 신청 가능합니다. 단, 「주택임대차보호법」 관련 대항력 취득을 위해 입주일(잔금일)에 즉시 전입신고 및 확정일자를 받으시고, 관련 서류를 대출 은행의 요청에 따라 제출 하셔야 합니다."
청년 임차보증금 이자지원사업,소득이 없어도 추천서를 받으면 대출이 가능한가요?,"미혼인 경우, 신청자의 연소득이 4천만원 이하인 청년만 신청가능합니다(무소득자 가능)."
청년 임차보증금 이자지원사업,무소득자의 경우 어떤 서류를 제출해야 하나요?,소득이 없는 경우는 국세청 홈텍스에서‘사실증명(신고 사실없음)'을 발급받아 제출하시면 됩니다.
청년 임차보증금 이자지원사업,"연소득 기준은 세전인가요, 세후인가요?","세전 연소득을 기준으로 하며, 연소득에는 상여금, 포상금 등도 모두 포함됩니다."
청년 임차보증금 이자지원사업,근로 여부에 따라 어떤 유형으로 신청해야 할까요?,"① 현재 근로 중이라면 ‘근로청년'으로 지원하시면 됩니다. 현재 건강보험자격득실확인서에 '직장가입자로 등록 되어있거나, 직장가입자로 등록되어 있지 않더라도 현재 직장에 근로계약이 되어있거나(근로계약서 제출 필요), 개인 사업자로 등록된 경우에도 ‘근로청년'에 해당합니다.
② 현재 근로 중이 아닐지라도, 과거 및 현재 직장가입자 기간의 합 혹은 근로계약서 등으로 증명 가능한 근로 기간의 합이 1년 이상이거나, 부모소득의 합계가 7천 만원 이하이면 ‘취업 준비생 등'으로 지원하시면 됩니다."
청년 임차보증금 이자지원사업,현재 만 39세이고 곧 만 40세가 되는데 추천서 발급이 가능한가요?,"['22.3.31. 까지 대출실행자]
은행내규 상 대출일 기준 만 39세인 기간이 6개월 이상 남아있으셔야 남은 기간을 주택임대차계약기간 및 대출 기간으로 하여 대출실행과 서울시 이자지원이 가능합니다. 만 40세 도래로 인한 대출기간 만료 이후의 대출상품 유지에 관하여는 은행과 상담하여 주시기 바랍니다.
※ 서울시 이자지원은 만 40세가 되는 날부터 중단됩니다.
['22.4.1.이후 대출실행자]
만 40세가 되는 날이 포함된 임대차 계약기간 종료일(최대 2년)까지 대출실행과 이자지원이 가능합니다."
청년 임차보증금 이자지원사업,대출 실행 후 1개월 이내 주민등록등본상 세대주 예정자 범위는?,"추천서 신청 시점 및 대출신청 시점에 신청자 본인이 주민등록등본상 세대주이거나, 다음 중 어느 하나에 해당하는 세대주의 세대원이어야 함 (아래 그림에서 노란색 음영범위에 속해야 함)
① 배우자
② 본인 및 배우자의 직계존속
③ 본인 및 배우자의 형제자매
※ '25.11.20. 신규 대출 신청자부터 적용
※ 다만 신청자가 세대원인 경우에는 대출실행 1개월 이내 주민등록등본상 세대주 자격을 취득하여야 함."
청년 임차보증금 이자지원사업,제출 서류를 어디에서 발급받아야 하나요?,"① 주민등록등본: 정부24
② 건강보험자격득실확인서: 국민건강보험 사이버민원센터
③ 가족관계증명서: 대법원 전자가족관계등록시스템
④ 소득금액증명: 홈택스>민원증명>소득금액증명
⑤ 사실증명(신고사실없음): 홈택스>민원증명>사실증명 신청>사실증명(신고사실없음)
⑥ 근로소득원천징수영수증: 회사 또는 홈택스
⑦ 사업소득/기타소득원천징수영수증: 홈택스(로그인 후 MY홈택스>연말정산/장려금/학자금 탭 > 지급명세서등 제출내역)
⑧ 국민연금가입자가입증명: 국민연금공단 홈페이지
전자민원 > 개인민원 > 로그인 후 개인서비스 > 증명서 등 발급 > 가입증명서(국/영문, 첫번째 칸 위치) > 프린트발급 후 스캔 또는 PDF 저장
⑨ 한부모가족증명서(기준중위소득 63%이하 발급가능, 필요시 제출): 정부24
⑩ 자립준비청년 보호종료확인서: 정부24 등
※ ‘붙임2. 상황별 근로 및 소득증명서류'를 반드시 참고"
청년 임차보증금 이자지원사업,이직(또는 신규 입사)한지 한 달이 안 되었습니다. 신청이 가능한가요?,"불가능합니다. 근로소득자의 경우 건강보험자격득실확인서 상 직장가입자 자격 취득일을 기준으로, 1개월 이상 재직한 경우에만 추천서 신청이 가능합니다. 따라서 본인 또는 배우자가 직장가입자라면, 최소 1개월 이상 재직 후 대출 신청이 가능합니다."
청년 임차보증금 이자지원사업,이직(또는 신규 입사)한지 일 년이 안 되었습니다. 서류는 어떻게 준비하나요?,"급여명세서(입사 월부터 현재까지)를 첨부하시거나, 갑종근로소득원천징수영수증을 첨부하시기 바랍니다."
청년 임차보증금 이자지원사업,개인사업자(자영업자)도 신청이 가능한가요?,"개인사업자는 사업자등록증명을 ‘근로증명서류(현재)'란에 첨부하시고, ‘근로청년’으로 신청하시면 됩니다."
청년 임차보증금 이자지원사업,주거급여 대상자는 청년 임차보증금 이자지원 사업 신청이 불가능한가요?,주거급여 지급 대상자는 청년 임차보증금 이자지원사업에 신청이 불가합니다.
청년 임차보증금 이자지원사업,은행에서 신용대출을 이미 받고 있습니다. 청년임차보증금 대출을 추가로 받을 수 있나요?,"대출신청 가능하나, 은행 대출조건에 부합해야 하므로 사전에 반드시 은행 상담을 받으시길 바랍니다."
청년 임차보증금 이자지원사업,"서울시 신혼부부 임차보증금 이자지원, 역세권청년주택 임차보증금 무이자 지원 등을 받고 있는데, 청년 임차보증금 대출을 추가로 받을 수 있나요?","추가대출은 불가하고, 기존에 이용 중인 전세대출을 상환하는 조건으로 취급이 가능합니다."
청년 임차보증금 이자지원사업,"서류 제출시, 휴대폰으로 찍은 사진도 가능한가요?","서류 전체내역이 보이도록 선명하게 촬영된 경우에는 가능 합니다. 내용 분별이 어려울 경우 승인거부 사유가 됩니다. ※단, 아이폰으로 촬영한 jpg,jpeg,heic 파일은 코덱오류로 인해 확인 불가능하므로 다른 파일로 첨부 바랍니다."
청년 임차보증금 이자지원사업,어떤 형식으로 서류를 업로드 하면 되나요?,"PDF를 권장합니다. 단, 1장일 경우에는 JPG도 가능합니다."
청년 임차보증금 이자지원사업,업로드할 파일이 여러 장일 경우 어떻게 올리나요?,"PDF파일로 변경 후, 하나의 PDF로 결합하여 업로드합니다."
청년 임차보증금 이자지원사업,주거포털 신청페이지 상에서 신청 중 다음으로 넘어가는 버튼이 보이지 않는다면?,과거 신청내역이 있는 경우입니다. 마이페이지에서 ‘신청취소’버튼을 눌러 과거 신청내역을 삭제한 후에 다시 시도하길 바랍니다.
청년 임차보증금 이자지원사업,재외국민도 신청이 가능한가요?,재외국민의 경우 보증규정 상 신청이 불가합니다. 주민등록이 되어있는 재외국민도 마찬가지입니다.
청년 임차보증금 이자지원사업,부모소득금액증명은 두 분 모두 제출해야 하나요? 한 분의 소득이 없는 경우에는 어떻게 제출하면 될까요?,"부모님 두 분 모두 제출하셔야 하며, 소득이 없는 경우는 국세청 홈텍스에서 ‘사실증명(신고사실없음)'을 발급받아 제출하시면 됩니다."
청년 임차보증금 이자지원사업,부모님이 이혼/사망/실종 상태인 경우에도 두 분 소득금액증명을 모두 제출해야 하나요?,"① 등본상 함께 거주하고 있는 부(父) 또는 모(母)를 신청자로 한 가족관계증명서(상세)와 (증명서 상 이혼/사망/실종 기재)
② 본인을 신청자로 한 가족관계증명서를 제출하시고,
③ 등본상 함께 거주하고 있는 부(父) 혹은 모(母)의 소득을 제출하시면 됩니다.
※ 부모의 이혼 등으로 인해 등본상 부모님 두 분 중 한 분이 본인과 함께 거주하고 있지 않은 경우에도 두 분의 소득서류 모두 필수 첨부
※ 부모 이혼 시 등본상 부모님 두 분 중 한 분이 본인과 함께 거주하고 있지 않은 경우에도 두 분의 소득서류 모두 필수 첨부"
청년 임차보증금 이자지원사업,"부모님이 이혼 후 재혼하셨는데, 부모 소득서류는 어떻게 제출해야 하나요?","① 등본상 함께 거주하고 있는 친부(父) 혹은 친모(母)를 신청자로 한 가족관계증명서(상세)와 (증명서 상 이혼기재)
② 본인을 신청자로 한 가족관계증명서를 제출하시고,
③ 등본상 함께 거주하고 있는 친부(父) 혹은 친모(母)의 소득을 제출하시면 됩니다."
청년 임차보증금 이자지원사업,근로계약서가 없는데 어떻게 해야 하나요?,"건강보험자격득실확인서 상 직장가입자 기간으로 근로 기간 증명이 가능하시다면 근로계약서를 추가로 첨부하지 않으셔도 됩니다. 다만, 건강보험자격득실확인서 상 직장가입자가 아닌 경우 반드시 재직증명서, 위촉증명서 등의 서류가 제출 되어야 근로기간을 인정받을 수 있습니다."
청년 임차보증금 이자지원사업,재직했던 회사가 폐업하여 경력증명서 등을 받을 수 없는 경우에 어떻게 하나요?,"건강보험자격득실확인서 상 최종 재직 직장의 자격상실일이 명시되어 있는 경우에는, 국민연금 가입자 가입증명으로 경력증명서를 대체하실 수 있습니다."
청년 임차보증금 이자지원사업,추천서 일일 신청 건수에 제한이 있나요?,2021년 4월 1일 이후로 일일 신청 건수가 40건으로 제한됩니다.
청년 임차보증금 이자지원사업,일일 추천서 신청 건수를 제한하는 이유는 무엇인가요?,"서울시는 청년의 높은 주거비 부담을 덜어 드리고자 '17년부터 최대한 많은 신청을 받고 지속적인 이자지원을 해왔으나, 한정된 예산규모 등을 고려하여 불가피하게 일일 신청 건수를 제한하게 되었습니다. 일일 신청 건수 제한으로 불편함을 겪으실 수도 있으나, 지원사업의 중단을 피하고 계속하기 위한 조치이므로 신청자 분들의 양해를 부탁드립니다."
청년 임차보증금 이자지원사업,일일 추천서 신청 건수의 잔여 수량은 어떻게 확인하나요?,서울주거포털에 접속 후 청년 임차보증금 이자지원사업 신청페이지로 들어오시면 팝업 및 신청페이지에서 확인 가능합니다.
청년 임차보증금 이자지원사업,일일 추천서 신청 건수가 초과되어 신청을 못하면 어떻게 하나요?,"일일 신청 건수가 초과되었을 경우, 매일 신청할 수 있으므로 신청이 가능한 날에 신청하시면 됩니다. 단, 신청 완료 후 심사 부적격 사유 발생 시(필요서류 미첨부, 인적 사항 정보 오기재 등) 승인 거부 처리 되며 거부 사유에 따른 보완 후 재심사요청 시에도 재심사요청 시점 기준으로 평일 3일 내외의 심사 기간이 소요되오니 유의하시기 바랍니다."
청년 임차보증금 이자지원사업,추천서 승인 후 입력사항 오기로 인해 내용 수정이 필요하다면 어떻게 하나요?,"필요서류가 첨부되지 않았거나 신청자 인적 사항 및 주소 오기재, 추천서 유효기간 만료 등의 사유로 인해 수정 또는 재신청이 필요할 경우 ‘신청취소'(서울주거 포털 마이페이지에서 가능) 요청을 해야 합니다. 신청취소 처리는 추천서 발급과 마찬가지로 평일 기준 3일 내외 소요됩니다."
청년 임차보증금 이자지원사업,추천서 심사 결과는 어떻게 알 수 있나요?,"심사완료 시 알람이 전송됩니다. 결과는 서울주거포털 내 ‘마이페이지'에서 직접 확인가능 하며, 심사완료 이후 추천서를 직접 출력하시면 됩니다. 신청자의 서류누락 등으로 인한 승인 거부시, 서류 보완 전 일일 신청 건수가 초과될 경우 다음날 신규로 신청하셔야 하니 유의하시기 바랍니다."
청년 임차보증금 이자지원사업,서울시에서 지원해주는 것은 무엇인가요?,"서울시 청년들의 주거비 부담 경감을 목적으로 대출이 가능할 수 있도록 추천서를 발행하며, 연 2%의 이자를 지원합니다."
청년 임차보증금 이자지원사업,어떤 대출상품을 이용해야 지원받을 수 있나요?,서울시로부터 추천서를 발급받아 협약은행(하나은행)에서 해당 협약 대출상품(서울시 청년 임차보증금 이자지원 사업)을 이용하시는 경우에 이자 지원이 가능합니다.
청년 임차보증금 이자지원사업,대출금리는 변동금리인가요? 고정금리인가요?,"신 잔액 COFIX 연동 6개월 변동금리로 운영됩니다. 6개월 변동금리를 적용하게 되며 기준금리에 가산금리 (1.45%)를 더해 대출금리가 결정됩니다.
* 기준금리 : 기준금리는 8개 시중 주요은행의 자금조달 비용 금리를 반영한 대출기준금리로 대출 실행일의 신잔액기준 COFIX 6개월 금리를 적용하게 됩니다."
청년 임차보증금 이자지원사업,본인부담 금리는 어떻게 되나요?,"대출금리에서 서울시 지원금리를 제외하면 됩니다. (본인 의무 부담 최저 금리 1% 적용)
예시) '25.09.15. 기준
2.49% + 1.45% - 2% = 1.94% (6개월 변동금리)"
청년 임차보증금 이자지원사업,"한부모가족, 자립준비청년 추가지원금리는 어떻게 받을 수 있나요?","한부모가족과 자립준비청년을 대상으로 1% 금리를 추가 지원하며, 추천서 신청 시 추가금리 적용을 체크하시면 서류를 통해 자격여부를 확인합니다. 이때, 한부모가족과 자립준비청년 추가지원금리는 중복으로 적용받을 수 없습니다.
※ 한부모가족
자격여부는 추천서 신청일 기준 만 18세미만 자녀와 가족관계증명서 상 모자 또는 부자 관계를 이루고, 주민 등록등본상 동일세대를 구성하고 있는지 여부로 확인 합니다. (공통 제출서류로 갈음)
다만, 자녀와 동일세대를 이루지 않고 있는 경우에는 한부모 가족 증명서를 별도로 제출하셔야 합니다.
※ 자립준비청년
('25.11.20. 신규 대출 신청 및 대출 연장 신청자부터 적용)
「아동복지법」제16조 및 제16조의 3에 따른 가정위탁 보호조치 종료 또는 아동복지시설에서 퇴소한 지 5년 이내(추천서 신청일 기준)의 청년으로서 자격 여부는 보호 종료 확인서로 확인합니다."
청년 임차보증금 이자지원사업,자립준비청년의 경우 보호종료확인서는 어디에서 발급받나요?,정부24에서 보호종료확인서 발급이 가능합니다.
청년 임차보증금 이자지원사업,추천서는 언제까지 유효한가요?,추천서 발급일로부터 3개월이내 대출실행이 완료되어야 합니다.
청년 임차보증금 이자지원사업,추천서 유효기간이 지나도록 주택계약 및 대출신청을 하지 않았는데 추천서를 다시 발급받을 수 있나요?,"기존 신청을 취소하시고, 신규 신청하여 추천서를 재발급 받으실 수 있습니다. 신청취소 승인 기간은 근무일 기준 3일 내외 소요됩니다."
청년 임차보증금 이자지원사업,보증방식은 어떻게 되나요?,한국주택금융공사의 주택금융신용보증서를 이용합니다.
청년 임차보증금 이자지원사업,보증료가 있는지? 얼마인지?,"보증료는 임차보증금에 따라 대출금의 0.02~0.1% (한국 주택금융공사의 보증료 등의 운용규정에 따름, 변동될 수 있음)가 적용될 수 있으며 고객이 부담합니다."
청년 임차보증금 이자지원사업,대출실행 후 대출금 증액 또는 추가대출이 가능한가요?,"최초 대출실행 후 대출금 증액은 불가하며, 임차보증금 증액 등으로 추가대출이 필요한 경우 다른 상품으로 추가 대출 가능 여부를 은행에 확인하시기 바랍니다. 단, 추가 대출금에 대한 이자지원은 되지 않습니다. 자세한 사항은 은행에 문의하시기 바랍니다.
※ 서울시에서 지원하는 전세자금 대출 상품(신혼부부 임차보증금 이자지원사업 등)은 추가 신청이 불가 합니다."
청년 임차보증금 이자지원사업,추천서 발급 관련 상담은 어디에서 받을 수 있나요?,"서울시 추천서 발급을 위한 심사 관련사항은 서울시 다산콜센터 120(☎02-120), 서울시 주택정책과 주택금융 지원팀(☎02-2133-7034/7026)으로 문의하시면 됩니다."
청년 임차보증금 이자지원사업,"추천서 발급 후, 주택을 계약할 때 주의사항이 있을까요?","① 서울시 내 주택, 주거용 오피스텔, 또는 노인복지주택주) 이어야 합니다.
주)「노인복지법」부칙 제4조의3에 따라 2008년 8월 4일 전 「건축법」에 따른 허가나 「주택법」에 따른 사업계획이 승인된 노인복지주택에 한함
② ‘불법 건축물’, ‘다중주택’, ‘공공임대주택'은 신청할 수 없으니 건축물대장을 통해 실제 주택유형을 확인 하시기 바랍니다.
③ 보증금 3억원 이하 월세 90만원 이하 전세·보증부 월세 계약이어야 합니다. ('25.11.20. 신규 대출 신청 및 대출 연장 신청자부터 적용)
④ 그 외에도 부동산 등기사항전부증명서 등 권리관계를 확인하셔서, 안전한 주택인지 확인하시는 것이 좋습니다.
⑤ 임대차계약 전 대출(보증)이 가능한 주택인지 여부를 부동산 등기사항전부증명서, 건축물대장 등을 지참하시어 하나은행에서 사전상담 받으시는 것을 권고드립니다.
※ 근린생활시설 내 주택용도로 사용하는 공간은, 경우에 따라 대출이 거부될 수 있습니다.
※ 계약서상 주택용도가 ‘다가구', ‘원룸'으로 기재된 경우 실제 주택유형은 ‘다중주택’일 수 있으니 반드시 건축물 대장을 확인하시기 바랍니다.
※ 대출 심사기준에 맞지 않는 경우, 대출이 불가하오니 주택계약 시에는 꼼꼼하게 기준을 점검하시길 바랍니다."
청년 임차보증금 이자지원사업,거주 중인 주택계약서로 신청이 가능한가요?,"거주 중인 주택의 계약이 신규계약이라면 임대차계약서 상 잔금지급일과 주민등록전입일 중 빠른 날로부터 3개월 이내면 신청 가능합니다.
거주 중인 주택의 계약이 연장계약이라면 주민등록전입일로부터 3개월 이상 경과 후, 연장계약 시작일 기준 3개월 내에 신청 가능합니다."
청년 임차보증금 이자지원사업,보증부 월세인 경우에도 신청가능한가요?,"보증금 3억원, 월세 90만원 이하인 주택 및 주거용 오피 스텔이라면 신청 가능합니다. ('25.11.20. 신규 대출 신청 및 대출 연장 신청자부터 적용)"
청년 임차보증금 이자지원사업,임대차계약 시 가족간 거래도 가능한지?,본인 및 배우자의 직계존비속 간 거래는 신청불가합니다.
청년 임차보증금 이자지원사업,"다중주택, 불법 건축물이나 공공임대주택은 신청이 불가한 것으로 알고 있는데, 계약할 때 어떻게 확인하면 될까요?","부동산 등기사항전부증명서와 건축물대장을 통해 확인이 가능합니다.
※ 주 용도가 '단독주택(다중주택)'이라고 표기 되어있는 주택은 다중주택으로, 지원 대상 주택이 아닙니다."
청년 임차보증금 이자지원사업,공동명의 계약도 가능한가요?,"서울시 청년 임차보증금 대출은, 지원자 단독 계약만 가능하며 공동명의 계약의 경우 대출 불가능한 점을 반드시 인지 바랍니다."
청년 임차보증금 이자지원사업,"근린생활시설 및 주택, 상가주택도 대출이 가능한가요?","부동산 등기사항전부증명서 및 건축물대장상 해당 층의 용도가 주택으로서, 실제 주거용으로 이용하는 경우 가능합니다."
청년 임차보증금 이자지원사업,주거용 오피스텔인지 어떻게 확인하나요?,"전입신고가 가능한 오피스텔이면 주거용 오피스텔로, 청년 임차보증금 이자지원 사업 대상주택입니다."
청년 임차보증금 이자지원사업,집주인(임대인)의 동의가 필요한가요? 혹시 집주인(임대인)에게 다른 의무 사항이 발생하나요?,"본 대출에 대해 임대인의 동의나 의무 사항은 없습니다. 단, 임대차계약 사실 확인을 위해 대출심사과정에서 은행이 임대인에게 연락하거나, 주택조사를 하기위해 방문하는 경우에 한해 임대인의 협조가 필요합니다.
계약 전, 청년임차보증금 사업을 통한 융자를 통해 보증금을 충당할 것을 미리 임대인에게 알리고, 가능하다면 계약서 특약사항에 ‘임대인은 전세자금대출 (청년임차보증금사업대출)'에 협조하기로 한다.'는 조항을 넣으시면 좋습니다.
대출금은 임대인의 통장으로 입금되지만, 대출금 상환의무는 세입자에게 있습니다. 임대인은 은행이 아닌 ‘세입자(임차인)'에게 보증금을 반환하면 됩니다."
청년 임차보증금 이자지원사업,대출기간 중 주택을 구입하면 어떻게 되나요?,"대출 약정기간까지는 이자지원이 지속되며, 연장계약 및 임대차계약 종료시 이자지원이 중단됩니다. 아울러, 정부의 부동산 정책과 관련하여 구입한 주택의 조건에 따라 전세대출이 즉시 상환 대상이 될 수 있으므로 주택 구입 전 반드시 은행 사전상담을 하기 바랍니다."
청년 임차보증금 이자지원사업,유주택자가 주택을 처분하고 대출을 신청하는 경우 무주택 여부를 어떻게 확인하나요?,"대출신청 시 소유 주택의 처분계획, 대출실행 전 소유권 이전등기 접수증을 제출하여 주택처분 사실을 입증해야 합니다. 자세한 사항은 하나은행에 문의하시기 바랍니다."
청년 임차보증금 이자지원사업,주택수 산정기준이 궁금합니다. 소유 중인 주택을 처분할 계획이 없으면 무조건 지원이 불가능한가요?,"소유 중인 주택이 한국주택금융공사 규정 상 주택보유수 산정 제외대상에 해당되면, 주택을 소유하고 있더라도 무주택자 로서 사업 지원이 가능합니다. 단, 정부의 부동산 정책 및 한국주택금융공사 보증규정 개정 등의 변경에 따라 주택보유수 산정 제외대상 상세내용은 달라질 수 있으니, 은행을 통해 반드시 사전문의 해주시기 바랍니다.
○ 주택보유수 산정 제외 대상(신규취급 시) '25.5.기준
1. 「국토의 계획 및 이용에 관한 법률」에 따른 도시지역이 아닌 지역 또는 면의 행정구역(수도권은 제외한다)에 건축 되어 있는 주택으로서 다음 하나에 해당하는 주택의 소유자 가 해당 주택건설지역에 거주(상속으로 주택 취득한 경우 에는 피상속인이 거주한 것을 상속인이 거주한 것으로 본다) 하다가 다른 주택건설지역으로 이주한 경우
가. 사용승인후 20년 이상 경과된 단독주택
나. 85㎡ 이하의 단독주택
다. 소유자의 「가족관계의 등록에 관한 법률」에 따른 최초 등록지기준에 건축되어 있는 주택으로서 직계존속 또는 배우자로부터 상속 등에 의하여 이전받은 단독주택
2. 개인주택사업자 분양을 목적으로 주택을 건설하여 이를 분양 완료하였거나 그 지분을 처분한 경우
3. 세무서에 사업자로 등록한 개인사업자가 그 소속근로자의 숙소로 사용하기 위하여 주택을 건설하여 소유하고 있거나 정부시책의 일환으로 근로자에게 공급할 목적으로 사업계획 승인을 얻어 건설한 주택을 공급받아 소유하고 있는 경우
4. 20㎡ 이하의 주택을 소유하고 있는 경우. 이 경우 1호 또는 1세대를 주택보유수에서 제외하여 산정한다.
5. 건물등기사항전부증명서 또는 건축물관리대장의 공부상 주택 으로 등재되어 있으나 주택이 낡아 사람이 살지 아니하는 폐가 이거나 주택이 멸실되었거나 주택이 아닌 다른 용도로 사용되고 있는 경우 실제 사용하고 있는 용도로 공부를 정리한 경우
6. 무허가건물을 소유하고 있는 경우
7. 소득세법 시행령 제 154조, 제155조에 따른 어린이집으로 확인되는 경우"
청년 임차보증금 이자지원사업,"신축아파트로 준공되고, 미등기 상태인 경우도 신청 가능한가요?","정당한 임대인과의 계약 여부를 확인하기 위해 ‘임대인 분양계약서', ‘입주안내문’, ‘사용승인 확인서'를 제출해야 할 수 있습니다. 자세한 사항은 하나은행에 문의 바랍니다."
청년 임차보증금 이자지원사업,"입주권, 분양권이 있는 경우 신청이 가능한가요?","한국주택금융공사 규정에 따라 본인(배우자포함)명의 소유권보존(이전)등기 또는 잔금대출이 확인되는 분양권 (입주권)은 주택보유수에 포함됨에 따라 신청이 불가합니다. 단, 한국주택금융공사 보증규정 개정 등의 변경에 따라 상세내용은 달라질 수 있으니 은행을 통해 반드시 사전 문의 해주시기 바랍니다. 또한, 대출기간 종료 후 연장 시 주택보유 여부를 다시 확인하게 됩니다. 이와 관련한 사항은 사전에 반드시 은행에 확인하여 주시기 바랍니다."
청년 임차보증금 이자지원사업,임대차 계약기간 만료일 전 갱신계약을 한 경우 신청이 가능한지?,보증관련 규정에 따라 보증금의 변경(증감)이 있는 경우나 임대인이 변경되는 경우에 한해 갱신계약 변경사유가 인정됩니다. (계약기간 변경만으로는 변경/갱신 계약으로 인정 불가)
청년 임차보증금 이자지원사업,"추천서 발급 이후에 추천서 심사 때와는 다른 상황(근로, 혼인 등)으로 바뀌었는데, 추천서를 다시 발급받아야 하나요?","추천서 수정은 필요 없습니다. 다만, 은행 대출 심사 시에는 현재 시점을 기준으로 진행됨을 유의하십시오."
청년 임차보증금 이자지원사업,대출금 지급 방식은 어떻게 되나요? / 잔금일 이후에 대출실행이 되었는데 대출금은 누구에게 입금되나요?,"대출금은 임대인 계좌로 입금되는 것이 원칙이며, 임대차계약사실이 확인되고 영수증으로 잔금 납입사실이 확인된 경우 임차인(신청인 본인)계좌로 입금 가능합니다."
청년 임차보증금 이자지원사업,"주택도시기금으로 운영되는 버팀목 전세대출, 중소기업취업청년세대출 등 타 대출받고있을 때에도 이자지원이 가능한가요?",해당사업은 한국주택금융공사의 보증을 담보로 협약은행인 하나은행에서 협약된 대출을 실행하는 경우 서울시에서 대출이자의 일부를 지원해드리는 제도입니다. 전세자금대출과의 동시대출은 보증사의 보증한도 등 규정에 따라 결정됩니다. 네 가능합니다.
청년 임차보증금 이자지원사업,변경 계약 및 갱신(연장)계약의 경우에도 대출이 가능한가요?,"신규 혹은 갱신 주택계약일 이후 3개월 내에 하나은행에 대출신청을 하셔야 합니다.
※ 3개월 이후에 대출신청을 하기 위해서는 임대인이 변경 되거나 보증금액이 변경되는 내용의 주택 재계약이 필요합니다.
※ 계약 전, 필요시 은행에 방문하시어 상담하시기 바랍니다."
청년 임차보증금 이자지원사업,은행 방문시 필요한 서류는 어떤 것이 있을까요?,"공고문의 [붙임3]을 참고 부탁드립니다. 자세한 사항은, 하나은행 콜센터(☎1599-2222)로 문의해 주세요."
청년 임차보증금 이자지원사업,대출심사에 소요되는 기간이 어떻게 되나요?,서류접수 후 약 2주~1달 정도 소요됩니다.
청년 임차보증금 이자지원사업,"하나원큐 어플을 이용해서 또는 은행에 방문해서 대출 가능하다고 확인 받았는데 (대출가능여부 조회), 최종 대출심사에서 거절당할 수도 있나요?","대출가능여부 조회 시, 입력하신 정보와 제출하신 서류 (스크래핑 서류포함)상의 내용이 다른 경우 대출가능 한도는 변경될 수 있습니다. 대출가능여부 조회 결과와 최종 대출심사 결과가 다를 수 있습니다. 따라서, 주택을 계약하시기 전에 주택조건, 개인신용과 관련한 내용은 은행에서 상세히 상담받으시기를 권장드립니다. 따라서, 주택을 계약하시기 전에 주택조건, 개인신용 및 대출한도 관련한 내용을 은행에서 상세히 상담 받으시기를 권장드립니다."
청년 임차보증금 이자지원사업,추천서를 발급받고 임차계약을 마친 뒤에 만약 대출이 되지 않으면 어떻게 하지요?,"추천서 발급 후, 임대차계약 및 은행대출 신청 전 하나 은행APP에서 대출가능여부를 확인하시거나 은행지점을 방문하셔서 자세한 상담을 받으시고 대출가능여부를 사전에 확인하시기 바랍니다."
청년 임차보증금 이자지원사업,20.02.25. 이전 국민은행에서 본 사업을 통해 대출을 받았습니다. 대출금을 올려서 추가 대출을 받을 수 있나요?,"기존 대출만기 연장 시 또는 변경사유 발생(임대인 또는 보증금의 변경)으로 인해 국민은행→하나은행으로 변경 하며 추가 대환대출이 가능합니다. 또한, 기존 대출기간 중 이사를 가시는 경우, 증액된 보증금에 대해 하나은행에 추가 대환대출을 받으실 수 있습니다. 서울주거포털에서 ‘변경 신청' 후 서울시 추천서를 발급받으셔서 하나은행에 대출신청을 하시면 됩니다. (단, 해당주택이 본 사업의 지원대상주택에 부합하는지 여부 등을 은행에서 사전에 반드시 상담받 으셔야 합니다.)"
청년 임차보증금 이자지원사업,대출관련 은행 상담은 어디에서 가능한가요?,하나은행 콜센터(☎1599-2222) 및 서울 소재 하나은행 각 지점에서 가능합니다.
청년 임차보증금 이자지원사업,"은행 콜센터로 전화 후, 어떤 내선번호로 연결해야 하나요?","하나은행 콜센터(☎1599-2222)로 전화 후, 내선 2번 전세대출을 연결하시면 됩니다."
청년 임차보증금 이자지원사업,신용등급에 상관없이 대출이 가능한가요?,개인의 신용이 매우 낮을 경우에는 은행에서 대출이 거절될 수 있으니 은행 상담을 먼저 받으시길 바랍니다.
청년 임차보증금 이자지원사업,하나원큐 어플에서 대출가능여부를 알아보는 방법이 궁금합니다.,"하나원큐 앱 설치 및 [회원가입>대출>대출상품>전세> 서울특별시 청년 임차보증금대출]에서 대출가능여부 조회가 가능합니다. 대출가능여부 조회시, 입력하신 정보와 제출하신 서류(스크 래핑 서류포함)상의 내용이 다른 경우 대출가능 한도는 변경 될 수 있습니다. 대출가능여부 조회 결과와 최종 대출심사 결과가 다를 수 있습니다. 따라서, 주택을 계약하시기 전 주택조건, 개인신용 및 본인 연소득 등과 관련한 내용은 은행에서 상세히 상담받으시기를 권장드립니다."
청년 임차보증금 이자지원사업,하나원큐 어플에서 비대면 대출 신청을 하는 방법이 궁금합니다.,"하나원큐 앱 설치 및 [회원가입>대출>대출상품>전세> 서울특별시 청년 임차보증금대출]에서 대출신청이 가능 합니다. 대출심사 시, 증빙서류 간편제출(스크래핑)에 의해 확인되지 않는 서류는 대출신청 영업점에 방문하시어 제출하셔야 합니다."
청년 임차보증금 이자지원사업,"대출심사 신청 후, 은행 관련 직원이 임대인(집주인)에게 연락을 하거나, 임차주택을 방문하나요?","은행의 대출심사 과정에서 필요할 경우 은행이 임대인에게 연락하거나, 주택에 대한 현장조사를 위해 방문할 수 있으며, 이때에는 임대인의 협조가 필요합니다."
청년 임차보증금 이자지원사업,중도상환이 가능한가요? 그럴 때 수수료가 있나요? 다른 불이익은 없을까요?,"중도상환은 가능하지만, 중도상환수수료가 발생합니다. 단, 대출 잔여기간 3개월 이내 상환 시 면제됩니다. 자세한 사항은 은행에 문의해 주시기 바랍니다."
청년 임차보증금 이자지원사업,대출기간 내 이사를 하는 경우에는 어떻게 하나요?,"은행에 방문하여 변경되는 사항에 대해 사전 고지 및 해당주택이 본 사업의 지원대상 주택에 부합하는지 여부 등을 사전에 반드시 상담받으셔야 합니다. 서울시 외의 지역으로 전출 및 공공임대주택으로 이사 하거나, 전세계약이 종료되어 대출금을 상환하는 경우 이자지원 중단사유에 해당되므로 반드시 은행에 통지 하여야 합니다."
청년 임차보증금 이자지원사업,주택 갱신계약을 했는데 (혹은 이사를 갔는데) 보증금액이 바뀐 경우에는 어떻게 하나요?,"보증금이 감소한 경우(기존대출금액이 연장 시 제출한 임대차계약서상 주택의 대출가능금액을 초과하는 경우) : 그 차액은 상환하여야 합니다.
보증금이 증가한 경우 : 그에 따른 추가대출은 불가합니다.
※ 다만, 기존 국민은행 대출을 하나은행으로 변경하는 경우에만 추가 대환대출이 가능합니다."
청년 임차보증금 이자지원사업,"신용 혹은 다른 이유로 인해, 한도까지 나오지 않을 수도 있나요?","추천서를 발급받았음에도 신용등급이나 주택의 권리관계 등으로 대출이 거절되거나, 연소득과 부채현황, 기존 대출 유무 등에 따라 예상보다 적은 금액이 대출될 수 있습니다. 이러한 위험 방지를 위해 은행 방문을 통해 대출가능여부/대출가능한도에 대한 상담을 받으시길 권고드립니다."
청년 임차보증금 이자지원사업,대출연장 및 이자지원 예외사항이 무엇인가요?,대출만기 시 공고문상 지원자격을 충족하지 못하면 대출 연장이 불가하므로 대출금을 상환해야 하나 임차인이 전세사기(깡통전세)로 인해 임대인에게 보증금을 돌려 받지 못해 대출금을 상환하지 못할 경우 대출연장 및 이자를 최장 4년간 지원하는 사항을 말합니다.
청년 임차보증금 이자지원사업,예외사항 적용을 받을 수 있는 대상자는?,"적용 대상자는 아래의 모든 조건을 충족해야 합니다.
① 시행일 기준 대출만기 도래자 중
② 청년 임차보증금 이자지원사업 자격요건 미충족으로 인하여 대출연장이 불가할 경우로,
- 자격요건 미충족: 만 39세 초과, 연소득 초과(미혼 근로청년: 4천만원, 기혼자: 부부합산 5천만원, 부모 소득 7천만원↑), 주거급여수급, 서울시 외 지역으로 전출, 공공임대주택 입주
주) 1년 미만 근로자 / 취업준비생에 한함
③ 전세사기, 깡통전세로 인하여 임대인에게 보증금을 돌려 받지 못하여 대출금을 상환하지 못하는 임차인으로서,
④ 임차권등기명령 및 소송경매 등의 법적절차가 진행 중인 증빙서류를 은행에 제출할 수 있는 임차인입니다."
청년 임차보증금 이자지원사업,예외사항에 따른 대출연장 및 이자지원 신청방법은?,전세사기(깡통전세)로 인하여 보증금을 돌려받지 못해 대출금을 상환하지 못하는 예외사항일 경우 대출연장 및 이자지원을 위해 법적절차에 대한 증빙서류를 하나은행에 제출하여 심사를 받으셔야 합니다.
청년 임차보증금 이자지원사업,대출연장 및 이자지원 기간과 구체적인 지원내용은?,"예외사항에 따른 대출연장 및 이자지원은 6개월 단위로 최대 4년까지 연장가능하며, 법적절차 진행이 종료될 경우 반드시 대출금을 즉시 상환해야 합니다.
※ 임차권등기명령은 최대 2회(6개월 이내, 최대 1년) 연장 가능하며, 그 이후는 반드시 소송 또는 경매 절차가 진행되고 증빙서류를 제출하여야 추가연장이 가능함"
청년 임차보증금 이자지원사업,예외적용으로 인하여 구체적인 지원내용은?,"전세사기(깡통전세)로 인하여 임차보증금을 돌려받지 못해 대출금 상환이 불가한 임차인을 위하여, 최장 4년간 대출기간을 연장하고 이자를 지원하는 내용 입니다.
○ 임차권등기명령자(최장 1년) : 기존 이자지원 지속
○ 소송·경매진행자(최장 3년) : 무이자 (서울시가 이자 전액부담)"
청년 임차보증금 이자지원사업,제출해야 하는 증빙서류는 어떤 것인가요?,"공통서류와 유형(임차권등기명령, 경매/공매, 소송)에 따른 서류(아래 각 항목)가 증빙서류입니다.
○ 공통 서류:
주민등록 등·초본(1개월이내 발급분), 확정일자부 임대차계약서 또는 주택임대차계약 신고필증, 부동산 등기사항전부증명서
○ 임차주택에 임차권등기명령을 하는 경우
(아래 각 호 중 하나)
1. 임차주택에 대한 임차권등기명령 접수증(임차주택 소재지 관할 지방법원)
2. 임차주택에 대한 임차권등기명령 결정문 사본
3. 임차권등기명령이 등재된 부동산 등기사항전부증명서
○ 임차주택에 경매/공매가 진행되는 경우
(아래 각 호 중 하나)
1. 경매/공매 개시 결정문 또는 경매/공매 통지서
2. 압류 및 경매/공매개시결정 또는 공고가 기재된 부동산 등기사항전부증명서
3. 주택임차인에 대한 통지서, 권리신고 및 배당요구신청 접수증명원
4. 매각물건명세서(주거임차인으로서 점유자 성명, 임대차기간, 보증금, 전입일자, 확정일자, 배당요구일자 확인이 가능하여야 함)
○ 임차주택에 전세보증금반환 소송이 진행되는 경우
(아래 각 호 중 하나)
1. 소송접수증명원/ 2. 소송계속증명원 / 3. 소제기증명원"
청년 임차보증금 이자지원사업,임차권등기명령은 무엇인가요?,주택임대차보호법 제3조의3 제1항에 따라 임대차계약이 끝난 후 보증금을 돌려받지 못한 경우 임차인이 해당주택 소재지의 지방법원 등에 보증금 미반환 사실을 해당주택 등기부에 등재하여 줄 것을 요청하는 제도입니다. 자세한 사항은 알기쉬운 생활법령정보를 참고하시기 바랍니다.
청년 임차보증금 이자지원사업,이미 대출기간 내 전세사기(깡통전세)로 인하여 법적절차 진행 중일 경우에도 적용가능한가요?,"대출기간 내에 전세사기(깡통전세)로 인해 소송·경매 등의 법적절차 진행 중일 경우에는 예외적인 적용이 불가합니다. 적용대상은 자격요건 미충족 및 대출만기가 임박하여 대출을 상환하여야 하나, 전세사기(깡통전세)로 인해 임대인에게 보증금을 돌려받지 못해 대출상환이 불가한 임차인이 적용대상입니다."
,,
전세보증금반환보증 보증료 지원 FAQ,지원방식과 무엇을 지원해주는 것인가요?,해당 지자체에서 자격을 검증한 후 신청인이 기납부한 '전세보증금반환보증' 보증료를 최대 30만원 한도로 본인 계좌로 지급합니다. ※ 전세보증금을 지원하는 것이 아님
전세보증금반환보증 보증료 지원 FAQ,전세보증금반환보증 보증료 지원' 사업의 지원대상은 어떻게 되나요?,"보증료 지원 신청일 기준 보증 효력이 유효한 전세보증금반환보증(HUG, HF, SGI)에 가입한 임차보증금 3억원 이하, 연소득 ①(청년) 5천만원 ②(청년 외) 6천만원 ③(신혼부부) 7.5천만원 이하인 무주택 임차인입니다. ※ 단, '24.6.30. 이전에 지원한 신청인에 한하여 '24.1.1. ~ '24.3.3. 기간에 청년 또는 신혼부부면서 유효한 전세보증금반환보증을 가지고 있었던 자는 청년 또는 신혼부부로 간주하여 지원"
전세보증금반환보증 보증료 지원 FAQ,어느 보증기관에서 전세보증금반환보증을 가입하여야 지원해주나요?,"주택도시보증공사(HUG), 한국주택금융공사(HF), 서울SGI에서 제공하는 전세보증금반환보증에 가입하였다면 지원 대상입니다."
전세보증금반환보증 보증료 지원 FAQ,보증 효력이 유효한 전세보증금반환보증이 무엇인가요?,"전세보증금반환보증의 보증기간이 끝나지 않았고, 전세보증금을 미반환받더라도 보증기관을 통해 대신 받을 수 있는 적법한 보증을 의미합니다."
전세보증금반환보증 보증료 지원 FAQ,"임대인이 임대보증금보증에 가입하여 보증료의 25%를 부담하였는데, 지원받을 수 있나요?",전세보증금반환보증 보증료 지원사업은 전세보증금반환보증을 대상으로 하고 있으므로 임대보증금보증 보증료는 지원 대상이 아닙니다.
전세보증금반환보증 보증료 지원 FAQ,주택이 아닌 오피스텔을 임차한 경우에도 지원이 가능한가요?,"오피스텔을 임차하였더라도 보증보험에 가입하고, 소득 등 다른 지원 요건을 모두 만족하는 경우 신청 가능합니다."
전세보증금반환보증 보증료 지원 FAQ,청년의 연령 기준은 지역별로 어떻게 되나요?,"전남, 강원도(45세 이하)를 제외하고는 19세(18세) 이상, 39세 이하입니다. 연령은 신청일을 기준으로 만 나이를 적용합니다. 시·군·구별로 청년 연령이 다른 경우도 있으나, 해당 광역시·도 기준으로 판단하며, 지역별 현황은 아래와 같습니다. ('24.3.4 기준) 지역 청년연령 출생년도 지역 청년연령 출생년도 서울 19~39 '84.3.5.~'05.3.4. 경기 19~39 '84.3.5.~'05.3.4. 인천 18~39 '84.3.5.~'06.3.4. 강원 18~45 '78.3.5.~'06.3.4. 충남 19~39 '84.3.5.~'05.3.4. 대전 18~39 '84.3.5.~'06.3.4. 충북 19~39 '84.3.5.~'05.3.4. 세종 19~39 '84.3.5.~'05.3.4. 부산 18~39 '84.3.5.~'06.3.4. 울산 19~39 '84.3.5.~'05.3.4. 대구 19~39 '84.3.5.~'05.3.4. 경북 19~39 '84.3.5.~'05.3.4. 경남 19~39 '84.3.5.~'05.3.4. 전남 18~45 '78.3.5.~'06.3.4. 광주 19~39 '84.3.5.~'05.3.4. 전북 18~39 '84.3.5.~'06.3.4. 제주 19~39 '84.3.5.~'05.3.4. ※ 서울 소재 '84.1.1. 출생자는 '24.3.4. 기준 청년 외로 지원 받을 수 있음 ※ 지자체별 조례 개정시 청년 연령 등이 변경될 수 있음"
전세보증금반환보증 보증료 지원 FAQ,신혼부부의 기준은 무엇인가요?,"신청일을 기준으로 혼인신고일로부터 7년 이내인 경우를 말합니다. 예를 들어, '24.9.1. 신청하는 경우에는 혼인신고일이 '17.9.1.~'24.9.1.인 경우가 신혼부부이며, '17.8.31. 이전에 혼인신고한 경우에는 신혼부부에 해당하지 않습니다."
전세보증금반환보증 보증료 지원 FAQ,"기혼자이나, 신혼부부는 아닌 경우 소득기준은 어떻게 되나요?","신혼부부가 아닌 기혼자일 때, 청년인 경우 부부 합산 연소득 5천만원 이하, 청년이 아닌 경우 부부 합산 연소득 6천만원 이하여야 합니다."
전세보증금반환보증 보증료 지원 FAQ,현재 형제·자매 등과 함께 거주중인 경우 연소득 산정 대상은 어떻게 되나요?,"소득 증빙 대상은 본인과 배우자이며, 형제·자매 및 부모 등은 산정 대상에 포함되지 않습니다."
전세보증금반환보증 보증료 지원 FAQ,현재 형제·자매 또는 부모님과 함께 거주중인 경우 무주택 여부 판단은 어떻게 되나요?,"주택소유여부는 신청자 본인과 배우자(기혼자의 경우)까지 조회하며, 부모님·형제·자매 등은 조회대상에 포함되지 않습니다. 주택소유여부는 국토교통부의 주택소유현황확인시스템으로 조회하며, 주택(분양권, 입주권 포함)을 보유하고 있는 경우 지원대상에 해당하지 않습니다."
전세보증금반환보증 보증료 지원 FAQ,오피스텔을 보유하고 있는 경우에도 유주택자로 지원이 제외되나요?,오피스텔은 준주택으로 주택이 아니므로 오피스텔만 보유하고 있다면 무주택자로 인정받을 수 있습니다. (토지도 동일)
전세보증금반환보증 보증료 지원 FAQ,"보증보험을 최근에 가입하였으나, 계약 해지 등으로 현재 유효하지 않아도 지원받을 수 있나요?","현재 전세보증금반환보증이 유효하지 않는 경우에는 지원이 불가합니다. 단, '24.6.30. 이전에 지원한 신청인에 한하여 '24.1.1. ~ '24.3.3. 기간에 청년 또는 신혼부부이면서 유효한 전세보증금반환보증을 가지고 있었다면 현재 보증보험이 유효하지 않더라도 소급해서 지원이 가능합니다."
전세보증금반환보증 보증료 지원 FAQ,외국인 또는 재외국민은 지원 가능한가요?,본 사업은 국내 저소득층의 전세사기 예방을 위해 시행하는 사업으로 외국인 및 국내에 거주하지 않는 재외국민은 지원대상이 아닙니다.
전세보증금반환보증 보증료 지원 FAQ,전세보증금반환보증 보증료 지원대상에서 제외되는 대상은 어떻게 되나요?,① 외국인 및 국내에 거주하지 않는 재외국민 ②「민간임대주택에 관한 특별법」에 따른 등록임대사업자의 임대주택에 거주하는 임차인 ③ 임차인이 법인인 경우(회사 지원 숙소 등) ④ 그 밖에 해당 지자체장이 지원이 적합하지 않다고 판단하는 경우
전세보증금반환보증 보증료 지원 FAQ,"등록임대사업자의 임대주택에 거주하더라도 임차인이 전세보증금반환보증에 가입할 수 있는데, 이 경우 제외되는 이유는 무엇인가요?","등록임대사업자는 임대보증금보증 가입이 의무이며, 만약 등록임대사업자가 임대보증금보증에 들지 않고 임차인이 전세보증금반환보증에 가입한 경우, 「민간임대주택에 관한 특별법」 제49조 제7항 제3호에 따라 임대인에게 보증료 청구가 가능하므로 보증료 지원 대상에서 제외됩니다."
전세보증금반환보증 보증료 지원 FAQ,임대인이 등록임대사업자인지 여부는 어떻게 알 수 있나요?,신청인이 제출한 부동산 등기사항전부증명서의 부기등기 내역 또는 렌트홈 사이트를 통해 확인할 수 있습니다. ※ 등록임대사업자는 보유한 주택에 등록임대사업자의 주택임을 부기등기하여야 함
전세보증금반환보증 보증료 지원 FAQ,임대인이 법인인 경우도 지원대상에서 제외되나요?,"보증료 지원 제외대상은 임차인(세입자)이 법인인 경우입니다. 회사 숙소 등으로 사용하기 위해 회사 명의로 임대차계약을 체결하는 경우 등 임차인이 법인인 경우를 말하며, 임대인이 법인인 경우는 신청이 가능합니다."
전세보증금반환보증 보증료 지원 FAQ,"보증료 지원 신청을 하고자 하는데, 어떻게 신청하나요?","제출서류 등을 구비하여 주소지 관할구청에 방문 접수하거나 온라인(정부24 https://www.gov.kr/svc/611000019599)으로도 신청이 가능합니다. 연번 자치구 담당부서 연락처 방문 접수처 1 종로구 주택관리과 02-2148-2601/2608 종로구 종로1길 36, 종로구청 9층 주택관리과 2 중구 주택과 02-3396-5701/5702 중구 창경궁로17, 중구청 6층 3 용산구 주택과 02-2199-7351/7355 용산구 녹사평대로 150, 용산구청 7층 4 성동구 주택정책과 02-2286-5582/5583,5585~6 성동구 고산자로 270, 성동구청 11층 5 광진구 주택관리과 02-450-7641/7644 광진구 자양로 117 민원복지동 우측 4층 6 동대문구 부동산정보과 02-2127-4191 동대문구 천호대로 145, 동대문구청 1층 7 중랑구 주택관리과 02-2094-2131/2136 중랑구 봉화산로 179, 중랑구청 2층 8 성북구 주택정책과 02-2241-2701/2707 성북구 보문로 168, 성북구청 9층 9 강북구 주택과 02-901-6811/6836,6813~4 강북구 도봉로89길13, 강북구청 6층 10 도봉구 주택과 02-2091-3511/3512 도봉구 마들로 656, 도봉구청 12층 11 노원구 공동주택지원과 02-2116-3846/3849 노원구 노해로 437, 노원구청 본관3층 12 은평구 주택과 02-351-7351/7367 은평구 은평로 195, 은평구청 본관4층 13 서대문구 청년정책과 02-330-1911/1898 서대문구 연희로 248, 서대문구청 5층 14 마포구 주택상생과 02-3153-9301 마포구 월드컵로 212, 마포구청 4층 15 양천구 부동산정보과 02-2620-3473/3474 양천구 목동동로 105, 양천구청 1층 16 강서구 주택과 02-2600-6840/6521 강서구 화곡로 302, 강서구청 5층 17 구로구 주택과 02-860-2938/2936 구로구 가마산로 245, 구로구청 신관 2층 18 금천구 부동산정보과 02-2627-1321/1326 금천구 시흥대로 73길 70, 금천구청 1층 19 영등포구 주택과 02-2670-3659/3653 영등포구 당산로 123, 보건소 건물 5층 20 동작구 주택지원과 02-820-9945, 9521, 9058 동작구 장승배기로 161, 주차장 2층 21 관악구 주택과 02-879-6301/6304 관악구 관악로 145, 관악구청 본관 6층 22 서초구 공동주택관리과 02-2155-7336 서초구 남부순환로 2584, 양재주차빌딩 5층 23 강남구 주택과 02-3423-6051/6055,6047 강남구 학동로 426, 강남구청 제1별관 1층 24 송파구 부동산정보과 02-2147-3055/3057 송파구 올림픽로 326, 송파구청 신관 2층 25 강동구 공동주택과 02-3425-5971/5977 강동구 성내로25, 강동구청 5층 ※ 자치구 사정에 따라 변동될 수 있음"
전세보증금반환보증 보증료 지원 FAQ,방문 신청 시 어느 지자체에서도 신청이 가능한가요?,방문 신청은 본인의 주소지 관할 시·군·구청 또는 주민센터(부산광역시 및 세종특별자치시는 시청)에서 가능합니다. 예를 들어 경기도 용인시 거주자는 경기도 용인시청(청년담당관)으로 방문하여 신청하여야 합니다. 따라서 신청 전 반드시 본인 지역의 신청방법 등을 확인하여 주시기 바랍니다.
전세보증금반환보증 보증료 지원 FAQ,지원금 신청은 제3자(형제·자매 및 부모 포함)가 대리로 할 수 있나요?,"보증료 지원사업의 신청은 본인이 하는 것이 원칙이며, 제3자의 대리신청은 불가합니다. 다만, 기혼자의 경우 배우자에 한하여만 대리신청 할 수 있습니다."
전세보증금반환보증 보증료 지원 FAQ,제출하여야 하는 서류는 어떤 것들이 있나요?,"신청인이 제출하여야 하는 서류는 아래와 같습니다. 1. 보증료 지원 신청서, 서약서, 본인명의 통장 사본 2. 전세보증금반환보증 보증증서, 보증료 납부 증빙서류(납부액 기재) 3. 임대차계약서, 부동산 등기사항 전부증명서 4. 주민등록등본, 혼인관계증명 5. 전년도 소득금액증명 * 기혼자는 배우자의 소득증빙 서류도 필수 제출"
전세보증금반환보증 보증료 지원 FAQ,소득이 없어 소득금액증명이 발급되지 않는 경우에는 어떻게 하나요?,사실증명(신고사실없음)'을 발급받아 제출하면 무소득인 것으로 간주합니다.
전세보증금반환보증 보증료 지원 FAQ,"전년도 소득금액증명은 7.1.부터 발급이 가능한데, 발급되지 않는 기간 중 소득자료는 어떤 자료를 제출하나요?",소득금액증명은 7.1. 기준으로 발급됨에 따라 1.1.~6.30.까지 신청하는 경우에는 전전년도 소득금액증명을 제출합니다.
전세보증금반환보증 보증료 지원 FAQ,보증료를 납부한 증빙서류(영수증 등)를 반드시 제출하여야 하나요?,"주택도시보증공사(HUG)와 서울보증보험(SGI)의 경우 보증증서에 납입한 보증료가 기재되어 있으므로 영수증은 별도 제출하지 않아도 됩니다. 다만, 한국주택금융공사(HF)의 경우 보증증서에 납입한 보증료가 기재되지 않으므로 영수증을 별도로 제출하셔야 합니다."
전세보증금반환보증 보증료 지원 FAQ,발급 받은지 오래된 서류도 제출이 가능한가요?,자격검증을 위한 서류는 신청일 기준 1개월 이내에 발급하신 서류로 제출하여 주시기 바랍니다.
전세보증금반환보증 보증료 지원 FAQ,접수 이후 절차와 기간은 어떻게 되나요?,"접수 → 심사 → 통지 → 지원금 지급 순으로 진행됩니다. 접수 후 통지까지는 30일 이내이나 기간 연장이 필요한 경우 신청인에게 통지 후 15일까지 연장할 수 있습니다.(최대 45일) 또한 통지 후 15일 이내 신청인의 계좌에 지원금을 지급합니다. 다만, 접수는 서류를 완벽히 제출한 경우를 기준으로 하므로 서류미흡으로 보완이 필요한 경우, 시일이 더 걸릴 수 있으므로 반드시 신청 전 제출할 서류를 확인하여 주시기 바랍니다."
전세보증금반환보증 보증료 지원 FAQ,자격심사 이후 결과는 어떻게 알 수 있나요?,"신청 당시 신청인이 선택한 통지방법(서면, 전자우편, 문자메시지 등)에 따라 접수 이후 30일(연장시 45일) 이내 심사 결과(적합 또는 부적합)를 통지합니다."
전세보증금반환보증 보증료 지원 FAQ,"현재 주거지와 보증보험 물건이 다른 경우는 어떻게 하나요? (예를 들어 '23.2.1. 서울시에 거주하며 보증보험에 가입하였으나, '23.9.5 경기도로 이사를 하고 아직 보증보험에 가입하지 않은 경우, 서울에서 가입한 보증보험 물건으로 지원을 받을 수 있는지?)","만약 신청인이 현재 거주중인 경기도에서 다시 보증보험에 가입한 경우라면 경기도에 대한 지원금 신청은 가능하지만, 이전에 거주하였던 서울시에서 발급받은 보증보험은 경기도에서 지원이 불가능합니다."
전세보증금반환보증 보증료 지원 FAQ,연소득 확인은 어떻게 하나요?,"신청이 제출한 소득금액증명의 소득금액 합계로 확인합니다. 종합소득세 신고대상자와 연말정산 대상자로 구분하여 확인하되, 아래와 같이 근로소득은 수입금액으로 그 외 소득은 소득금액으로 확인합니다. 만약 종합소득세 신고대상자로서 근로소득과 사업소득이 동시에 발생하는 사람의 경우에는 근로소득(수입금액)과 사업소득(소득금액)의 합계로 판단합니다. 발급번호 소득금액증명 ( 년 귀속) 처리기간 즉시 주소 성명 주민등록번호 ◇ 종합소득세 신고(결정·경정) 현황 (단위 : 원) 구분 이자 배당 사업 근로 연금 기타 합계 종합과세 분리과세 총 결정세액 수입금액 소득금액 * 종합과세 소득금액은 이월결손금을 공제하지 않은 금액임 * 분리과세 : 종합소득세 신고(결정·경정)한 분리과세 소득(2천만원이하 주택임대소득과 계약금이 위약금 배상금으로 대체된 기타소득)의 수입금액 및 소득금액의 합계액 * 총 결정세액 : 종합과세와 분리과세의 결정세액 합계액 ◇ 연말정산(지급명세서 제출) 현황 [*종합소득세 신고(결정·경정) 현황에서 종합과세된 소득이 있는 경우 미기재] (단위 : 원) 구분 법인명(상호) 사업자등록번호 소득발생처 지급받은 총액 소득금액 총 결정세액 비고 사업소득 근로소득 연금소득 종교인소득 (납세자가 신청한 증명 귀속연도 : . ~ .) 위와 같이 증명합니다. ※ 위 내용은 발급일 현재 상황으로서 추후 변경될 수 있습니다. 년 월 일 세무서장(인) (연말정산) (일용근로)"
전세보증금반환보증 보증료 지원 FAQ,"한번 보증료 지원을 받은 경우, 다음번에도 지원이 가능한가요?","동일 지자체(기초지자체 기준)에 한하여는 2년간(일반적인 전세계약 기간) 신청이 제한됩니다. 만약 2023년도에 보증료를 지원받았다면 2025년도에 신청이 가능합니다. 다만, 다른 지자체로 이전하는 경우에는 제한없이 지원받을 수 있습니다."
전세보증금반환보증 보증료 지원 FAQ,서류 보완한 경우 신청일은 어떻게 되나요? (신혼부부 자격 등 고려시),"신청자격 판단시 신청일은 최초 신청한 날을 기준으로 합니다. 예를 들어, '24.6.1. 최초 신청하고, 서류 보완으로 최종 '24.6.20. 신청이 완료되었더라도 신청인의 자격은 '24.6.1. 기준으로 판단합니다. 다만, 심사결과 통지는 서류가 완비된 '24.6.20.을 기준으로 30일 이내 통지됩니다."
전세보증금반환보증 보증료 지원 FAQ,최초 심사시 부적합을 받아 이의제기한 경우 신청일은 어떻게 되나요? (신혼부부 자격 등 고려시),부적합 결정을 받아 30일 이내 이의제기한 경우에도 최초 신청의 연장으로 보아 자격 심사 기준은 최초 신청일을 기준으로 판단합니다.
,,
신혼부부 임차보증금 이자지원 사업,[서울시 대출추천서] 발급 절차,"① 은행에 방문하여 대출자격, 대출한도 확인 및 계약 체결 예정인 대상주택의 대출 가능여부 등 사전 상담
※ 대출한도에 대한 정확한 상담을 위해 임차주택에 대한 정보(주소 등)를 명확히 확인하여 은행에 방문하시기 바랍니다.
※ '25.11.20. 신규 대출 추천서 발급신청자부터 적용: 월세가 포함된 보증부 월세 계약(반전세)의 경우, 전월세 전환율을 적용하여 환산된 임차보증금이 7억원 이하인 경우에만 지원가능.(상세내용 공고문과 FAQ 8P 참고)
② 대출한도 감안하여 임대차계약 체결
③ 서울주거포털(housing.seoul.go.kr)에서 추천서 발급 신청 및 출력(서울시 발급 승인 후)
④ 대출신청(은행 지점 방문)"
신혼부부 임차보증금 이자지원 사업,대출신청 절차는 어떻게 되나요?,"① 은행에 방문하여 대출자격, 대출한도 확인 및 계약 체결 예정인 대상주택의 대출 가능여부 등 사전 상담
※ 대출한도에 대한 정확한 상담을 위해 임차주택에 대한 정보(주소 등)를 명확히 확인하여 은행에 방문하시기 바랍니다.
※ '25.11.20. 신규 대출 추천서 발급신청자부터 적용: 월세가 포함된 보증부 월세 계약(반전세)의 경우, 전월세 전환율을 적용하여 환산된 임차보증금이 7억원 이하인 경우에만 지원가능.(상세내용 공고문과 FAQ 8P 참고)
② 대출한도 감안하여 임대차계약 체결
③ 서울주거포털(housing.seoul.go.kr)에서 추천서 발급 신청 및 출력(서울시 발급 승인 후)
④ 대출신청(은행 지점 방문)"
신혼부부 임차보증금 이자지원 사업,대출추천서 신청은 어떻게 하나요?,"서울주거포털(http://housing.seoul.go.kr)에서 신청하신 후 서울시의 승인을 거쳐 추천서를 발급받으실 수 있습니다.
신청 후 마이페이지에서 작성완료 상태를 확인하고 심사완료 메시지를 받은 후, 승인된 추천서는 본인이 직접 출력하여 은행에 제출하셔야 합니다.
※ 추천서 승인거부 시에는 수정하여 보완 가능"
신혼부부 임차보증금 이자지원 사업,대출추천서를 배우자가 신청해도 되나요?,"임대차계약서 상의 계약자가 반드시 서울시 대출추천서 신청인이자 동시에 은행의 대출신청인이 되어야 합니다.
배우자 명의로 신청은 불가능합니다.
※FAQ 마지막 페이지 도표 참고"
신혼부부 임차보증금 이자지원 사업,대출추천서 신청인이 세대주가 아닌 경우?,"※FAQ 마지막 페이지 도표 참고
주민등록등본 상 세대주가 아닌 자를 세대주로 인정하는 요건으로는 세대주와 동일세대를 이루고 있는 세대원 중
1) 세대주의 배우자, 2) 직계존비속 및 그의 배우자,
3) 세대주 및 배우자의 형제자매, 4) 배우자의 직계존비속 및 그의 배우자에 해당되는 경우가 있습니다."
신혼부부 임차보증금 이자지원 사업,"예비신혼부부의 경우 현재 세대주가 아니라도 대출실행일(보증신청일)로부터 6개월 이내에 혼인관계증명서를 제출할 경우 세대주 요건을 충족한 것으로 인정 가능합니다. 해당 조건 외의 구성원으로 전입된 세대원(조카, 처조카 등의 기타친척 및 동거인)은 한국주택금융공사 보증규정 상 세대주로 인정되지 않으므로 신청 불가합니다.","예비신혼부부의 경우 현재 세대주가 아니라도 대출실행일(보증신청일)로부터 6개월 이내에 혼인관계증명서를 제출할 경우 세대주 요건을 충족한 것으로 인정 가능합니다.
해당 조건 외의 구성원으로 전입된 세대원(조카, 처조카 등의 기타친척 및 동거인)은 한국주택금융공사 보증규정 상 세대주로 인정되지 않으므로 신청 불가합니다."
신혼부부 임차보증금 이자지원 사업,대출추천서 발급신청은 언제 할 수 있나요?,대출추천서 발급은 임대차계약서상 잔금일(계약시작일) 기준 2개월 전부터 신청할 수 있습니다.
신혼부부 임차보증금 이자지원 사업,대출추천서 유효기간은?,"발급일로부터 2개월입니다.
2개월 이내 대출실행이 완료되어야 합니다."
신혼부부 임차보증금 이자지원 사업,추천서 발급 신청결과는 언제 알 수 있나요?,"추천서 발급신청 후 서울시 추천서류 검토 및 승인은 3일(근무일 기준) 내외입니다. 서울주거포털‘마이페이지’내 신혼부부 임차보증금 지원현황에서 신청확인, 수정, 신청취소, 추천서 출력을 하실 수 있습니다.
신청이 완료된 경우 지원현황에 작성완료로 표시되며, 서울시 심사완료 후에는 신청자 휴대전화로 SMS(카카오톡 알림톡)가 발송됩니다.
※ 신청완료 후 통신상태 불량, 모바일/PC에서 파일 업로드 중 오류 등으로 인해 파일 첨부가 누락되는 경우가 있으므로 서울주거포털-마이페이지-신혼부부 임차보증금 이자지원 신청내역(본인/배우자 성명 클릭)에서 파일 첨부가 올바르게 되었는지 반드시 확인하기 바랍니다.
※ 추천서 발급은 신청한 순서대로 진행되므로 신청 후 유선문의 등으로 빠른 심사를 요청하더라도 불가합니다."
신혼부부 임차보증금 이자지원 사업,심사결과가 '승인거부'가 나왔을 때는?,"신청 완료 후 심사 부적격 사유 발생 시(필요 서류 미첨부, 인적사항 및 물건지 정보 오기재 등)승인 거부 처리 됩니다.
심사 결과가 승인 거부일 시에는 마이페이지에서 수정 버튼을 누른 후 거부 사유를 보완하면 재심사요청이 됩니다.
재심사요청 시에도 심사는 재심사 요청 기준 일로부터 평일 기준 3일 내외가 소요되오니 시간적인 여유를 가지고 신청하시기 바랍니다."
신혼부부 임차보증금 이자지원 사업,[서울시 대출추천서 및 대출] 필요 서류,"< 모든 서류는 1개월 이내 발급분만 가능> ※열람용 불가
○ 주민등록등본(본인/배우자가 세대분리 등으로 주민등록이 따로 되어있는 경우 각각 첨부)
- 세대원/세대주 확인 가능한 페이지 첨부
- 주민등록 초본은 해당 안 됨
○ 가족관계증명서(본인/배우자 명의 각각 첨부)
- ‘특정’아닌‘일반’또는 ‘상세’발급분
○ 혼인관계증명서
- 미혼 상태임을 증빙하기 위해 예비신혼부부로 신청한 자도 첨부해야 하며, 예비신혼부부는 신청자 및 배우자 각 1부씩 첨부
- 추천서 신청 시 혼인신고일이 얼마 지나지 않아 증명서 발급이 되지 않는 신혼부부의 경우 접수증으로 가능
○ 주택임대차계약서
○ 계약금 납입 영수증(5% 이상 지급 필요)
- 갱신계약의 경우 구 임대차계약서 첨부
※ 혼인신고 직후, 가족관계등록부 등재 시까지 시간이 소요될 수 있으므로 혼인신고 후 신청하시려는 분들은 본인 및 배우자 명의의 가족관계증명서 각 1부를 미리 발급받으시길 바랍니다.
※ 대출신청 시 필요서류 : 붙임 공고문을 참고(은행문의)"
신혼부부 임차보증금 이자지원 사업,대출추천서 신청 시 필요서류는 무엇인지?,"< 모든 서류는 1개월 이내 발급분만 가능> ※열람용 불가
○ 주민등록등본(본인/배우자가 세대분리 등으로 주민등록이 따로 되어있는 경우 각각 첨부)
- 세대원/세대주 확인 가능한 페이지 첨부
- 주민등록 초본은 해당 안 됨
○ 가족관계증명서(본인/배우자 명의 각각 첨부)
- ‘특정’아닌‘일반’또는 ‘상세’발급분
○ 혼인관계증명서
- 미혼 상태임을 증빙하기 위해 예비신혼부부로 신청한 자도 첨부해야 하며, 예비신혼부부는 신청자 및 배우자 각 1부씩 첨부
- 추천서 신청 시 혼인신고일이 얼마 지나지 않아 증명서 발급이 되지 않는 신혼부부의 경우 접수증으로 가능
○ 주택임대차계약서
○ 계약금 납입 영수증(5% 이상 지급 필요)
- 갱신계약의 경우 구 임대차계약서 첨부
※ 혼인신고 직후, 가족관계등록부 등재 시까지 시간이 소요될 수 있으므로 혼인신고 후 신청하시려는 분들은 본인 및 배우자 명의의 가족관계증명서 각 1부를 미리 발급받으시길 바랍니다.
※ 대출신청 시 필요서류 : 붙임 공고문을 참고(은행문의)"
신혼부부 임차보증금 이자지원 사업,예비신혼부부는 어떤 서류로 입증해야 하나요?,"대출신청 시 6개월 이내 결혼식 예정을 증빙하는 자료를 대출은행에 제출하여야 하며, 대출실행 후 6개월 이내 혼인관계증명서를 대출은행에 제출하셔야 합니다. (혼인신고 접수증 인정불가)
주) 청첩장 또는 예식장 계약서를 첨부하되, 스몰웨딩을 진행하는 경우에는 청첩장 또는 장소대관(예약)확인서 첨부가능. 이때, 장소대관(예약)확인서가 없을 시 '서울주거포털' 공지사항 174번의 서식 활용가능
※ 혼인신고 후 서류 발급까지 상당기간이 소요되므로 반드시 제출 기한에 유의"
신혼부부 임차보증금 이자지원 사업,배우자가 외국인인 경우 필요한 서류는?,신청자와 주민등록등본에 함께 등재되어 있지 않은 외국인 배우자의 경우 외국인등록증 또는 국내거소 확인서류가 필요합니다.
신혼부부 임차보증금 이자지원 사업,재직기간이 짧아 원천징수영수증이 발급되지 않아요. 어떻게 하나요?,"회사에서 발급하는 갑근세 원천징수확인서 혹은 급여명세서를 제출하시면 됩니다.
재직기간이 12개월 미만인 경우, 연소득은 소득합산액/ 근무월수×12개월로 환산됩니다.
소득과 관련한 사항은 대출 은행에 문의하시기 바랍니다."
신혼부부 임차보증금 이자지원 사업,이직(또는 신규 입사)한지 한 달이 안 되었습니다. 신청이 가능한가요?,"불가능합니다.
근로소득자의 경우 건강보험자격득실확인서 상 직장가입자 자격 취득일을 기준으로, 1개월 이상 재직한 경우에만 추천서 신청이 가능합니다. 따라서 본인 또는 배우자가 직장가입 자라면, 최소 1개월 이상 재직 후 대출 신청이 가능합니다."
신혼부부 임차보증금 이자지원 사업,주민등록등본은 어디서 발급받나요?,"가까운 동주민센터 혹은 정부24에서 발급받으실 수 있습니다.
주민등록등본은 세대원, 세대주를 확인할 수 있는 페이지가 첨부되어야 합니다."
신혼부부 임차보증금 이자지원 사업,재직증명서는 별도의 양식이 있나요?,재직증명서는 재직 중인 직장의 양식으로 발급받으시면 됩니다.
신혼부부 임차보증금 이자지원 사업,가족관계증명서 혹은 혼인관계증명서는 어디서 발급받나요?,"가까운 동주민센터 혹은 대법원 전자가족관계 등록시스템에서 발급받으실 수 있습니다.
이때, 가족관계증명서는 ‘특정'으로 발급된 서류가 아닌, ‘일반’또는 ‘상세’로 발급받으셔야 합니다.
혼인신고 접수 전, 본인 및 배우자 명의 가족관계증명서 각 1부를 미리 발급받으시기 바랍니다.
※ 혼인신고를 하면 가족관계등록부 등재 시까지 일정 기간 동안 가족관계증명서 발급이 안 됨"
신혼부부 임차보증금 이자지원 사업,사업자등록증은 어디서 발급받나요?,가까운 세무서를 방문하시거나 국세청 홈택스를 통해 발급받으실 수 있습니다. 사업자등록증은 사업등록증명원으로 대체하실 수 있습니다.
신혼부부 임차보증금 이자지원 사업,임신한 경우 제출서류는 무엇인가요?,병원에서 발급하는 임신사실확인서(건강보험 임신·출산 진료비 지급 신청서)를 제출하시면 됩니다.
신혼부부 임차보증금 이자지원 사업,소득금액증명은 어디서 발급받나요?,가까운 세무서를 방문하시거나 국세청 홈택스를 통해 발급받으실 수 있습니다. 소득금액증명 또는 소득확인증명서(개인종합자산관리계좌 가입용)으로 발급받으시면 됩니다.
신혼부부 임차보증금 이자지원 사업,연금소득자는 소득금액을 어떻게 증명해야 하나요?,연금수령통장을 통해 소득금액을 확인합니다.
신혼부부 임차보증금 이자지원 사업,건강보험자격득실확인서는 어디서 발급받나요?,국민건강보험공단 홈페이지에서 건강보험자격득실확인서를 발급받으시면 됩니다.
신혼부부 임차보증금 이자지원 사업,계약금 지급영수증은 어떻게 받는 건가요?,"임대차 계약 시 지불한 계약금에 대한 영수증으로 임대인(집주인)이 발급해 주셔야 하며, 반드시 임대인의 도장 혹은 서명이 날인되어야 합니다.
계약금은 보증금의 최소 5% 이상 지급하셔야 합니다."
신혼부부 임차보증금 이자지원 사업,추천서에 기재된 내용과 은행 제출서류가 다를 경우 어떻게 되나요?,은행 제출서류가 지원조건에 부합되지 않으면 추천이 취소됩니다. 신청 시에 반드시 관련 서류를 미리 준비하시어 정확히 작성하시기 바랍니다.
신혼부부 임차보증금 이자지원 사업,[서울시 대출추천서 및 대출] 신청 자격 관련,"대출신청일 기준 예식일이 경과하지 않은 예비신혼부부는 은행에 대출신청(은행 담당자가 대출신청을 접수하고, 보증서를 발급 신청하는 기준) 완료 시점까지는 예비신혼부부 자격(혼인신고를 하지 않은 상태)을 유지하여야 합니다."
신혼부부 임차보증금 이자지원 사업,예비신혼부부 자격으로 서울시 대출추천서 발급 신청 후 예비신혼부부 자격 유지 기간은?,"대출신청일 기준 예식일이 경과하지 않은 예비신혼부부는 은행에 대출신청(은행 담당자가 대출신청을 접수하고, 보증서를 발급 신청하는 기준) 완료 시점까지는 예비신혼부부 자격(혼인신고를 하지 않은 상태)을 유지하여야 합니다."
신혼부부 임차보증금 이자지원 사업,부부합산 연소득은 어떻게 확인하나요?,"근로자의 경우 최근년도 근로소득원천징수영수증으로 확인하게 되며, 사업자의 경우 국세청에 신고한 소득금액 증명원을 은행에 제출하여 확인받게 됩니다.
소득이 없는 경우는 국세청에서 발급하는 신고사실없음 사실증명원을 첨부하시면 됩니다.
기타 소득관련 자세한 사항은 은행에 문의하시기 바랍니다."
신혼부부 임차보증금 이자지원 사업,타지역 거주자도 신청가능한가요?,"계약하신 임차물건이 서울시 관내에 위치한다면 신청 가능합니다. 단, 「주택임대차보호법」관련 대항력 취득을 위해 입주일(잔금일)에 즉시 전입신고를 하시고, 관련 서류를 대출 은행 요청에 따라 제출하셔야 합니다."
신혼부부 임차보증금 이자지원 사업,추천서 신청시 환산 임차보증금(전월세 전환율 반영)의 적용 기준 시점은?,"전월세 전환율 변동에 따른 환산 임차보증금은 추천서 작성완료일 기준(최종 제출 시점)으로 반영되며, 추천서 승인 거부 시 재작성 완료 시점 기준으로 반영됩니다."
신혼부부 임차보증금 이자지원 사업,부모님이 주택을 보유하신 경우 신청이 가능한가요?,"부모님이 주택을 보유 중이라도, 본인 및 배우자(예정자 포함)가 무주택이면 가능합니다."
신혼부부 임차보증금 이자지원 사업,배우자가 외국인이어도 신청이 가능한가요?,"신청 가능합니다.
외국인 배우자의 경우도 외국인 등록증을 지참하시어, 연소득과 무주택 여부 확인 후 대출신청이 가능합니다.
(외국인 배우자도 협약은행에 방문하셔야 합니다)"
신혼부부 임차보증금 이자지원 사업,재혼의 경우에도 대출이 가능한지? 연령제한은 없는지?,"재혼의 경우에도 신혼부부로 대출신청이 가능합니다.
단, 기존 배우자와 다시 결혼하는 경우에는 과거 결혼 기간을 합산하여 7년 이내인 경우에만 신혼부부로 대출 신청이 가능합니다(기존 배우자와 결혼 시 과거 혼인기간을 합산해야 하므로, 이혼 후 예비신혼부부로 신청 불가).
과거에 본인 및 배우자가 대출을 받은 경우도 대출이 불가합니다. 연령제한은 없습니다."
신혼부부 임차보증금 이자지원 사업,재혼한 배우자의 자녀로도 추가금리 지원을 받을 수 있나요?,"금리지원이 가능한 자녀 수는 대출 신청인(차주) 명의의 가족관계증명서에 나와 있는 법률상 자녀를 기준으로 인정하고 있습니다.
배우자의 자녀에 대한 정식 입양 절차를 거쳐 가족관계 증명서 상 대출신청인의 자녀로 되어있다면 추가금리 지원 등을 받을 수 있습니다.
※ 이때 금리지원이 가능한 자녀는 민법 상 미성년자인 만 19세 미만의 미성년자만 포함"
신혼부부 임차보증금 이자지원 사업,재외국민도 신청이 가능한가요?,"재외국민의 경우 보증규정 상 신청이 불가합니다.
주민등록이 되어있는 재외국민도 마찬가지입니다."
신혼부부 임차보증금 이자지원 사업,"대출기간 중 소득이 증가하거나,","대출기간까지는 이자지원이 되며, 대출기간 종료 후 기한연장 시, 지원조건에 부합되지 않으면(본인 및 배우자가 무주택자가 아닌 경우 등) 대출 및 이자지원은 중단됩니다."
신혼부부 임차보증금 이자지원 사업,주택을 구입할 경우 어떻게 되나요?,"무주택자가 아닌 경우 등) 대출 및 이자지원은 중단됩니다.
정부의 부동산 정책과 관련하여 구입한 주택의 조건에 따라 대출기간 중이라도 전세대출의 즉시 상환 대상이 될 수 있으므로, 주택구입 전 반드시 은행 사전상담을 하시기 바랍니다."
신혼부부 임차보증금 이자지원 사업,대출실행 후 처음부터 부부 모두가 전입해야 하나요?,"부부 모두가 전입신고를 하지 않아도 됩니다.
단, 임대차 계약자인 대출신청인은 입주일에 임차물건지로 반드시 주민등록 전입신고를 하셔야 합니다."
신혼부부 임차보증금 이자지원 사업,대출실행 후 타지역으로 전출해야 하는 경우는?,"임대차 계약자인 대출신청인은 해당 물건지에 주민등록을 계속 유지하여야 하며, 배우자는 주소를 이전해도 됩니다."
신혼부부 임차보증금 이자지원 사업,"입주권, 분양권이 있는 경우 등 주택을 보유한 경우, 신청이 가능한지?","본인 및 배우자(예정자 포함) 명의의 소유권보존(이전)등기 또는 잔금대출이 확인되는 분양권(입주권)은 주택보유수에 포함되어 신청이 불가합니다.
또한, 대출연장 시 주택보유 여부를 다시 확인하여 주택 보유가 확인되는 경우 연장이 불가할 수 있습니다.
구체적인 주택보유수 산정기준 등 관련 사항은 사전에 반드시 은행에 확인하여 주시기 바랍니다."
신혼부부 임차보증금 이자지원 사업,주택을 보유하고 있는 경우 신청 가능한 방법은?,"주택을 보유하고 있는 경우 원칙적으로 신청이 불가하며, 주택을 처분한 경우 신청이 가능합니다.
다만, 이 경우 대출실행 전까지는 소유권이전등기접수증을 제출해 주택처분사실을 입증하셔야 합니다.
이와 관련한 더 구체적인 사항은 반드시 대출은행에 상담해 주시기 바랍니다."
신혼부부 임차보증금 이자지원 사업,대출신청 조건이 결혼 7년 이내인데 기준이 무엇인가요?,"은행의 대출신청일*을 기준으로 혼인관계증명서에 명시된 혼인신고일로부터 7년 이내입니다.
* 대출신청일은 은행 담당자가 대출신청을 접수하고 보증서를 발급신청한 날을 의미하며, 증빙자료는 대출 신청 시 은행에 제출"
신혼부부 임차보증금 이자지원 사업,"서울시 청년 임차보증금 이자지원, 자녀출산 무주택 가구 주거비 지원 등을 받고 있는데, 신혼부부 임차보증금 대출을 추가로 받을 수 있나요?","추가대출은 불가하고, 기존 이용 중인 전세대출을 상환하는 조건으로 본 대출 취급이 가능합니다."
신혼부부 임차보증금 이자지원 사업,[주택 및 계약 관련],"※ '25.11.20. 신규 대출 추천서 발급 신청자부터 적용
월세가 포함된 보증부 월세 계약(반전세)의 경우, 전월세 전환율(서울시에서 6개월 주기로 공지)을 적용하여 환산된 임차보증금(이하 ‘환산 임차보증금*')이 7억원 이하인 경우에만 지원됩니다.
환산 임차보증금이 7억원을 초과할 경우, 대출추천서 발급 및 대출신청이 불가하오니 임대차계약 전 반드시 환산 임차보증금을 계산하시어 가능 여부를 확인하시기 바랍니다.
* 환산 임차보증금 = 월세보증금+(월세 × 12개월 ÷ 전월세 전환율)
※ 월세보증금 없이 월세만 있는 경우에는 지원불가"
신혼부부 임차보증금 이자지원 사업,월세가 포함된 보증부 월세 계약(반전세)의 경우 임차보증금 적용 기준은 무엇인지?,"※ '25.11.20. 신규 대출 추천서 발급 신청자부터 적용
월세가 포함된 보증부 월세 계약(반전세)의 경우, 전월세 전환율(서울시에서 6개월 주기로 공지)을 적용하여 환산된 임차보증금(이하 ‘환산 임차보증금*')이 7억원 이하인 경우에만 지원됩니다.
환산 임차보증금이 7억원을 초과할 경우, 대출추천서 발급 및 대출신청이 불가하오니 임대차계약 전 반드시 환산 임차보증금을 계산하시어 가능 여부를 확인하시기 바랍니다.
* 환산 임차보증금 = 월세보증금+(월세 × 12개월 ÷ 전월세 전환율)
※ 월세보증금 없이 월세만 있는 경우에는 지원불가"
신혼부부 임차보증금 이자지원 사업,전월세 전환율은 어떻게 확인할 수 있나요?,"서울주거포털 공지사항에 6개월 주기로 전월세 전환율을 변경 공지합니다. 전월세 전환율 변경 전 서울주거포털을 통해 사전 공지합니다.
※ 전월세 전환율 확인방법: 서울주거포털-알림소통-공지사항
※ '25.11.20. 신규 대출 추천서 발급 신청자부터 적용"
신혼부부 임차보증금 이자지원 사업,전월세 전환율이 적용된 환산 임차보증금을 기준으로 대출가능금액이 정해지나요?,"환산 임차보증금은 지원대상 주택요건의 충족여부를 판단하기 위한 것으로, 대출가능금액은 임대차계약서 상의 임차 보증금을 기준(환산 임차보증금 미반영)으로 한국주택금융공사의 보증서 발급 가능 금액 이내입니다."
신혼부부 임차보증금 이자지원 사업,환산 임차보증금(전월세 전환율 적용) 기준은 대출 연장자에게도 적용되나요?,"지원대상 주택 요건의 충족 여부 확인을 위한 환산 임차보증금 기준은 신규대출 신청자에게만 적용되며, 대출 연장자에게는 적용되지 않습니다."
신혼부부 임차보증금 이자지원 사업,기존 거주주택의 임차보증금 상승으로 7억원을 초과한 경우는 대출을 상환해야 하나요?,"※ '25.11.20. 대출 연장 신청자부터 적용
기한연장 시, 이차보전 중단사유가 없다면 기존 거주 주택의 임차보증금 상승으로 임차보증금이 7억원을 초과한 경우, 임차보증금이 7억3천5백만원 이하인 경우에만 ‘1회’에 한해 기한연장이 가능합니다.
주) 1회차 연장시: 기존 거주 주택은 최초대출 신청주택
2회차 이상 연장시: 기존 거주 주택은 직전 연장시점 주택
※ 기한연장의 경우, 임대차계약서 상 임차보증금을 기준으로 주택조건 충족여부를 확인합니다.
<대출 연장 가능 여부(예시) >
예시) 대출기간 중 물건지 변경 없는 경우
-(신규대출)환산 임차보증금 6.8억 → (1차 연장)임차보증금 7.2억 → (2차연장) 임차보증금 6.9억 : 1, 2차연장 가능
-(신규대출) 환산 임차보증금 6.8억 → (1차 연장)임차보증금 7.2억 → (2차연장) 임차보증금 7.1억 : 2차연장 불가능
예시) 대출기간 중 물건지 변경한 경우
-(신규대출) A집 환산 임차보증금 6.8억 →(1차 연장)A집 임차보증금 7억 → (2차연장) B집 임차보증금 7.1억 : 2차 연장 불가 *2차 연장 불가사유: 1차연장 시점의 주택과 2차 연장 시점의 주택이 상이함
-(신규대출) A집 환산 임차보증금 6.8억 → (1차 연장)B집 임차보증금 6.9억 → (2차연장) B집 임차보증금 7.1억 → (3차연장) B집 임차보증금 7.1억: 1, 2차연장 가능 / 3차 연장 불가 *3차 연장 불가사유: 2차연장 때 1회 연장하였으므로 2회는 불가함"
신혼부부 임차보증금 이자지원 사업,집주인(임대인)의 대출동의가 필요한가요?,"임대차계약 사실 확인을 위해 경우에 따라 임대인을 방문하여 임대차계약의 진위여부를 확인할 수 있으며, 이와 관련하여 임대인에게 사전 안내하실 것을 권장드립니다.
본 대출에 대해 집주인의 의무사항은 없습니다. 또한 대출금은 집주인의 통장으로 입금되지만,대출금 상환의무는 세입자에게 있습니다."
신혼부부 임차보증금 이자지원 사업,거주 중인 주택계약서로 신청이 가능한가요?,"집주인은 은행이 아닌 ‘세입자'에게 보증금을 반환하면 됩니다.
자세한 사항은 은행에 문의 바랍니다.
임대차계약서 상 입주일과 주민등록전입일 중 빠른 날로부터 3개월 이내면 신청가능합니다.
※ 단, 거주 주택의 연장 계약인 경우 주민등록 전입일로부터 3개월 이상 경과하고, 갱신 계약일(재계약 시작일)로부터 3개월 이내 은행에 대출 신청하셔야 합니다."
신혼부부 임차보증금 이자지원 사업,공공임대주택도 신청이 가능한지?,"공공주택 사업자(국가, 지방자치단체, SH, LH, 서울리츠 등)가 공급 또는 지원하는 주택에 입주(예정)자는 신청이 불가합니다. 서울시 청년안심주택(역세권청년주택)은 ‘민간 임대주택' 유형만 가능합니다."
신혼부부 임차보증금 이자지원 사업,민간 임차주택인데 신청불가한 경우도 있는지?,"건축물대장에 명시되어있는 건물용도를 참고하셔야 하며, 위반 건축물의 경우 신청하실 수 없습니다."
신혼부부 임차보증금 이자지원 사업,이사 등으로 주택조건이 변경될 경우 어떻게 해야 하나요?,"은행에 방문하여 변경되는 사항에 대해 사전 고지 및 해당 주택이 대출대상 주택에 적합한지 상담을 받아야 합니다.
전세대출 이용 중 ‘목적물 변경(이사)'에 대한 절차 및 이용 방법에 대해 은행에 문의하시기 바랍니다.
단, 서울시 외 지역으로 전출 및 공공임대주택으로 이사하거나 전세계약이 종료되어 대출금을 상환하는 경우는 이자지원 중단사유에 해당되므로 반드시 은행에 통지하여야 합니다."
신혼부부 임차보증금 이자지원 사업,주택수(주택보유수) 산정기준이 궁금합니다. 소유 중인 주택을 처분할 계획이 없으면 무조건 지원이 불가능한가요?,"소유 중인 주택이 한국주택금융공사 규정 상 주택보유수 산정 제외대상에 해당되면, 주택을 소유하고 있더라도 무주택자로서 사업 지원이 가능합니다. 단, 정부의 부동산 정책 및 한국주택금융공사 보증규정 개정 등의 변경에 따라 주택보유수 산정 제외대상 상세내용은 달라질 수 있으니 은행을 통해 반드시 사전문의 해주시기 바랍니다.
○ 주택보유수 산정 제외 대상(신규취급 시) '25.5.기준
1. 「국토의 계획 및 이용에 관한 법률」에 따른 도시지역이 아닌 지역 또는 면의 행정구역(수도권은 제외한다)에 건축 되어 있는 주택으로서 다음 하나에 해당하는 주택의 소유자가 해당 주택건설지역에 거주(상속으로 주택 취득한 경우에는 피상속인이 거주한 것을 상속인이 거주한 것으로 본다)하다가 다른 주택건설지역으로 이주한 경우
가. 사용승인후 20년 이상 경과된 단독주택
나. 85㎡ 이하의 단독주택
다. 소유자의 「가족관계의 등록에 관한 법률」에 따른 최초 등록지기준에 건축되어 있는 주택으로서 직계존속 또는 배우자로부터 상속 등에 의하여 이전받은 단독주택
2. 개인주택사업자 분양을 목적으로 주택을 건설하여 이를 분양 완료하였거나 그 지분을 처분한 경우
3. 세무서에 사업자로 등록한 개인사업자가 그 소속근로자의 숙소로 사용하기 위하여 주택을 건설하여 소유하고 있거나 정부시책의 일환으로 근로자에게 공급할 목적으로 사업계획 승인을 얻어 건설한 주택을 공급받아 소유하고 있는 경우
4. 20㎡ 이하의 주택을 소유하고 있는 경우. 이 경우 1호 또는 1세대를 주택보유수에서 제외하여 산정한다.
5. 건물등기사항전부증명서 또는 건축물관리대장의 공부상 주택으로 등재되어 있으나 주택이 낡아 사람이 살지 아니하는 폐가 이거나 주택이 멸실되었거나 주택이 아닌 다른 용도로 사용되고 있는 경우 실제 사용하고 있는 용도로 공부를 정리한 경우
6. 무허가건물을 소유하고 있는 경우
7. 소득세법 시행령 제 154조, 제155조에 따른 어린이집으로 확인되는 경우
○ 주택보유수 산정 제외 대상(기한연장 시) ’25.5.기준
기한연장 시에는 “주택보유수 산정 제외 대상(신규취급 시)”와 다음 아래에 해당하는 경우 주택보유수에서 제외할 수 있다.
1. 상속으로 인하여 공유지분을 취득한 경우 기한연장일로부터 3개월 이내에 처분하는 조건
2. 상속으로 인하여 단독으로 주택을 취득한 경우 기한연장일로부터 6개월 이내에 처분하는 조건
3. 개인주택사업자가 분양을 목적으로 주택을 건설하였으나 분양 완료 또는 그 지분을 처분하지 못한 경우, 기한연장일로부터 3개월 이내에 이를 처분하는 조건"
신혼부부 임차보증금 이자지원 사업,미등기 신규주택인데 주소 검색이 안 되는 경우 어떻게 신청하나요?,"물건지 부근의 대표 지번주소(번지)를 우선 기입하여 추천서 발급을 신청한 후 서울시 전월세 종합지원센터(☎02-2133-1200~8)에 전화하여 수정 요청을 하셔야 합니다.
※ 최근 신축빌라 등 적정가격을 알기 어려운 주택을 중심으로 전세보증금 미반환 피해가 급증하고 있으므로, 불가피하게 계약하셔야할 경우 반드시 전세보증금 반환보증 가입을 권고드립니다."
신혼부부 임차보증금 이자지원 사업,임대차계약 시 가족 간 거래도 가능한지?,본인 및 배우자의 직계존비속 간 거래는 신청 불가합니다.
신혼부부 임차보증금 이자지원 사업,전세계약이 공동명의인 경우 어느 한 쪽이 신청이 가능한지?,"신청 가능합니다. 단, 대출추천서 신청인과 대출신청인은 동일해야 합니다. 부부 공동명의 임대차계약의 경우 대출 신청인의 배우자는 연대 보증인으로 들어가게 됩니다."
신혼부부 임차보증금 이자지원 사업,임대차계약 기간 만료일 전 갱신계약을 한 경우 신청이 가능한지?,보증관련 규정에 따라 보증금의 변경(증감)이 있는 경우나 임대인이 변경되는 경우에 한해 갱신계약 변경 사유가 인정됩니다.(계약기간 변경은 관계가 없음)
신혼부부 임차보증금 이자지원 사업,"신축아파트로 준공되고, 미등기 상태인 경우도 신청이 가능한지?","정당한 임대인과의 계약 여부를 확인하기 위해 ‘임대인 분양계약서', ‘입주안내문’, ‘사용승인 확인서'를 제출해야 할 수 있습니다. 자세한 사항은 협약은행에 문의하시기 바랍니다."
신혼부부 임차보증금 이자지원 사업,[대출],"해당 대출은 서울시-은행-한국주택금융공사(HF)의 협약으로 진행되는 사업으로서, 협약서 상 규정되지 않은 내용은 은행 및 한국주택금융공사 내규에 따라 판단됩니다.
추천서 신청대상이 되더라도 임대차 계약사항, 소득, 신용도 등의 심사사항이 해당 규정들에 부적합할 경우 추천서 발급 및 대출이 불가할 수 있습니다. 따라서 추천서 신청 전 반드시 해당 사항들에 대해 대출을 진행하시고자 하는 협약은행에서 사전상담 받아보시기 바랍니다."
신혼부부 임차보증금 이자지원 사업,추천서 신청자격 요건에 부합하면 대출을 받을 수 있나요?,"해당 대출은 서울시-은행-한국주택금융공사(HF)의 협약으로 진행되는 사업으로서, 협약서 상 규정되지 않은 내용은 은행 및 한국주택금융공사 내규에 따라 판단됩니다.
추천서 신청대상이 되더라도 임대차 계약사항, 소득, 신용도 등의 심사사항이 해당 규정들에 부적합할 경우 추천서 발급 및 대출이 불가할 수 있습니다. 따라서 추천서 신청 전 반드시 해당 사항들에 대해 대출을 진행하시고자 하는 협약은행에서 사전상담 받아보시기 바랍니다."
신혼부부 임차보증금 이자지원 사업,대출금 지급방식은 어떻게 되나요?,"대출금은 임대인 계좌로 입금되는 것이 원칙이며, 임대차계약사실이 확인되고 영수증으로 잔금납입 사실이 확인된 경우 대출신청인 계좌로 입금가능합니다."
신혼부부 임차보증금 이자지원 사업,대출금 상환 후 다시 신청할 수 있나요?,"신청할 수 없습니다.
본 대출은 본인 및 배우자 포함 생애 최초 한번만 신청이 가능하며, 지원조건 충족 시 기한연장을 통해 최초 대출 실행일로부터 최장 12년간 이용할 수 있습니다."
신혼부부 임차보증금 이자지원 사업,대출가능한도는 어떻게 알 수 있나요?,"임차보증금의 90% 이내에서 대출대상자 및 배우자(예정자 포함)의 연소득 등에 따른 한국주택금융공사 보증한도 이내로 최대 3억원까지 대출신청 가능합니다.
고객별 대출가능 금액은 협약은행(국민/신한/하나)에서 확인 가능합니다."
신혼부부 임차보증금 이자지원 사업,대출신청금액은 얼마까지 신청할 수 있나요?,"은행에서 사전상담 받은 대출가능한도 내에서 본인이 필요한 금액을 신청하면 됩니다.
대출추천서 상 대출신청금액은 은행의 대출신청금액과 동일해야 합니다.
※ 추천서 승인 후 본인 변심으로 대출신청금액 수정 필요 시, 신청취소 후 다시 신청해야 하므로 신중하게 기재하시기 바랍니다. 추천서 재신청시 환산임차보증금 변동으로 대출 가능여부가 달라질 수 있음."
신혼부부 임차보증금 이자지원 사업,대출한도를 사전 조회할 수 없나요?,"대출한도는 개인의 신용도, 인정소득 등에 따라 개인별로 다르기 때문에 반드시 협약은행의 사전 검토를 받으셔야 합니다."
신혼부부 임차보증금 이자지원 사업,타 전세자금 대출이 있는 경우 신청이 가능한가요?,"대환대출 방식으로 진행가능하나 은행 대출조건에 부합해야 하고, 정책 상황에 따라 달라질 수 있으므로 사전에 반드시 은행 상담을 받으시기 바랍니다. 단, 제 2금융권의 전세자금 대출은 대환 불가합니다."
신혼부부 임차보증금 이자지원 사업,개인 신용도로 인한 대출 제한이 있나요? 회생 진행 중인 경우 신청 가능한가요?,"개인신용이 현저히 나쁘거나 개인회생 절차 진행 중이면 은행에서 대출이 승인되지 않을 수 있습니다.
관련부분은 반드시 신청하시기 전에 협약은행(국민/신한/하나)에 상담을 받으시기 바랍니다."
신혼부부 임차보증금 이자지원 사업,보증료가 있는지?,"보증료는 임차보증금에 따라 대출금의 0.02~0.3% (한국 주택금융공사의 「보증료 등의 운용규정」에 따름, 변동될 수 있음)가 적용될 수 있으며 고객이 부담 합니다."
신혼부부 임차보증금 이자지원 사업,전세보증금 반환보증이 자동적으로 가입되는 상품인가요?,"본 대출은 전세보증금 반환보증(전세지킴보증 등)이 자동적으로 가입되지 않는 상품이므로 필요한 경우 개별적으로 확인 후 가입하셔야 합니다.
단, '24.7.30.이후 신규 대출자에 한하여 협약기관인 한국주택금융공사(HF)의 전세보증금 반환보증(전세지킴 보증)을 가입하는 경우 협약은행 방문 및 별도 신청에 의해 기 보증료 납부액(30만원 한도)를 지원받을 수 있으므로 공고문과 FAQ 23P를 참고하여 주시기 바랍니다."
신혼부부 임차보증금 이자지원 사업,대출실행 후 대출금 증액 또는 추가대출이 가능한가요?,"최초 대출실행 후 대출금 증액은 불가합니다.
임차보증금 증액 등으로 추가 대출이 필요한 경우 다른 상품으로 추가 대출 가능 여부는 은행에 확인하시기 바랍니다.
단, 추가 대출금에 대한 이자지원은 되지 않습니다.
자세한 사항은 은행에 문의하시기 바랍니다."
신혼부부 임차보증금 이자지원 사업,최초 및 연장 시 대출 신청시기는?,"임대차계약서 상 잔금일 기준 1개월 전부터 협약은행에 대출 신청이 가능합니다. 대출 연장 시에도 연장 만기 시점 1개월 전부터 신청 가능합니다. 단, 대출 연장 시에는 추천서를 다시 발급받을 필요가 없으며 대출 연장과 관련한 문의(필요서류 등)는 최초 대출실행한 은행 지점 에서 진행하기 바랍니다."
신혼부부 임차보증금 이자지원 사업,은행 대출 신청시 본인 및 배우자가 모두 은행에 방문해야 하나요?,서울시 대출추천서를 발급받은 후 은행대출 신청 시에는 반드시 본인 및 배우자가 함께 은행에 직접 방문하셔야 합니다.
신혼부부 임차보증금 이자지원 사업,[대출 금리 및 이자지원],"대출금의 이자 중 일부(대출금의 최대 연 4.5%)를 지원
- 기본이차보전금리 : 연소득에 따라 최대 연 3.0%
신혼부부 합산 (배우자 예정자 포함) 연소득
0 ~ 3천만원 이하 : 3.0%
3천만원 초과 ~ 6천만원 이하 : 2.5%
6천만원 초과 ~ 9천만원 이하 : 2.0%
9천만원 초과 ~ 1억 1천만원 이하 : 1.5%
1억 1천만원 초과 ~ 1억 3천만원 이하 : 1.0%
- 추가이차보전금리 : 최대 연 1.5%
※ 추가 이차보전금리의 중복적용은 불가 (①~③ 중 택 1)
① 예비신혼부부: 0.2%
② 다자녀가구: 미성년 자녀(태아포함) 수에 따라 최대 1.5%
(1자녀: 0.5% / 2자녀: 1.0% / 3자녀 이상: 1.5%)
③ 혼인이후 만 65세 이상의 본인 및 배우자의 직계존속과 3년 이상 지속 동거 시 : 1.0%
※①: 최초 대출 시에만 적용되며 대출연장 시 적용불가
※②: 최초 신청 시 임신 중인 경우도 적용가능하며, 기한 연장 시 자녀 수에 따라 재 산정됨(단, 신청시점에 임신 중인 자녀로 추가 이자지원을 받은 경우에는 기한 연장 시 대출기간 중 자녀 수 증가에 해당되지 않음)
※③: 신규 신청은 대출신청일주 기준이며, 대출 연장은(만기일 + 1일) 기준으로 동거기간(전입 기간) 3년 이상 여부를 확 인
주) 대출신청일은 은행 담당자가 대출신청을 접수하고 보증서를 발급신 청한 날을 의미하며, 증빙자료는 대출신청 시 은행에 제출"
신혼부부 임차보증금 이자지원 사업,서울시에서 지원해주는 것은 무엇인가요?,"대출금의 이자 중 일부(대출금의 최대 연 4.5%)를 지원
- 기본이차보전금리 : 연소득에 따라 최대 연 3.0%
신혼부부 합산 (배우자 예정자 포함) 연소득
0 ~ 3천만원 이하 : 3.0%
3천만원 초과 ~ 6천만원 이하 : 2.5%
6천만원 초과 ~ 9천만원 이하 : 2.0%
9천만원 초과 ~ 1억 1천만원 이하 : 1.5%
1억 1천만원 초과 ~ 1억 3천만원 이하 : 1.0%
- 추가이차보전금리 : 최대 연 1.5%
※ 추가 이차보전금리의 중복적용은 불가 (①~③ 중 택 1)
① 예비신혼부부: 0.2%
② 다자녀가구: 미성년 자녀(태아포함) 수에 따라 최대 1.5%
(1자녀: 0.5% / 2자녀: 1.0% / 3자녀 이상: 1.5%)
③ 혼인이후 만 65세 이상의 본인 및 배우자의 직계존속과 3년 이상 지속 동거 시 : 1.0%
※①: 최초 대출 시에만 적용되며 대출연장 시 적용불가
※②: 최초 신청 시 임신 중인 경우도 적용가능하며, 기한 연장 시 자녀 수에 따라 재 산정됨(단, 신청시점에 임신 중인 자녀로 추가 이자지원을 받은 경우에는 기한 연장 시 대출기간 중 자녀 수 증가에 해당되지 않음)
※③: 신규 신청은 대출신청일주 기준이며, 대출 연장은(만기일 + 1일) 기준으로 동거기간(전입 기간) 3년 이상 여부를 확 인
주) 대출신청일은 은행 담당자가 대출신청을 접수하고 보증서를 발급신 청한 날을 의미하며, 증빙자료는 대출신청 시 은행에 제출"
신혼부부 임차보증금 이자지원 사업,신혼부부 임차보증금 이자지원 사업 공고문에 있는 자녀 출산 및 난임에 의한 대출기간 변경은 즉시 적용 되나요?,"사업 시행일인 '25.11.20. 이후 신규 대출 및 대출 연장 신청자부터 적용됩니다.
여기서 신청은 대출(연장)을 은행 담당자가 대출 신청을 접수하고 보증서를 발급신청 한 날을 의미하며, 대출 실행일 또는 만기 후 연장 실행일을 말하지 않습니다."
신혼부부 임차보증금 이자지원 사업,대출 및 연장 신청으로부터 실행까지 얼마의 기간이 소요되나요?,"은행 지점의 사정에 따라 통상 1개월, 최대 1~2개월의 기간이 소요될 수 있습니다.
대출 실행일로부터 촉박하게 대출 신규 신청을 하는 경우 대출이 불가하거나 적기 실행이 불가할 수 있으며, 대출 연장 시에도 만기일로부터 촉박하게 연장 신청을 하는 경우 대출연체 및 신용도 하락이 발생할 수 있습니다.
자세한 사항은 대출실행 은행에서 상담하시기 바랍니다."
신혼부부 임차보증금 이자지원 사업,추가 지원금리 중 “만65세 직계존속과 3년이상 지속 동거” 자세한 내용은?,"① 혼인(혼인신고)이후
② 본인 또는 배우자의 만 65세 이상의 직계존속과
③ 3년 이상 계속 동거(주민등록상‘전입’기준) 시 최대 연 1.0% 추가 이자를 지원합니다.
추가 이자 지원을 위해서는 주민등록등본을 제출해야 하며, 대출 신청일을 기준으로 직계존속의 전입일을 역산하여 전입기간이 3년 이상일 때 지원합니다.
※ ‘동거 기간'은 혼인 이후 기간이며, 직계존속이 만 65세가 된 이후부터 산정"
신혼부부 임차보증금 이자지원 사업,대출금리는 변동금리 인가요? 고정금리인가요?,신 잔액 COFIX 연동 6개월 변동금리로 운영됩니다.
신혼부부 임차보증금 이자지원 사업,대출금리는 어떻게 되나요?,6개월 변동금리를 적용하게 되며 기준금리에 가산금리(1.45%)를 더해 대출금리가 결정됩니다.
신혼부부 임차보증금 이자지원 사업,기준금리가 무엇인가요?,"기준금리는 8개 시중 주요은행의 자금조달비용 금리를 반영한 대출 기준금리로 대출실행일의 신 잔액기준 COFIX 6개월 금리를 적용하게 됩니다.
(검색예시 : 은행 홈페이지 접속/개인/대출/대출가이드/가계 대출금리/신 잔액 COFIX 금리 확인)"
신혼부부 임차보증금 이자지원 사업,은행의 우대금리는 어떻게 되나요?,"대출금리는 기준금리에 가산금리를 더해 결정되며, 은행의 우대금리는 적용하지 않습니다."
신혼부부 임차보증금 이자지원 사업,개인이 부담하는 이자는 없는 건가요?,"은행에서 결정한 대출금리 중 서울시에서 지원하는 이자 외에는 본인이 부담하셔야 합니다.
※ 이자지원금리 차감 후 본인부담금리는 최저 1.0% 이상"
신혼부부 임차보증금 이자지원 사업,대출기간 중 사별 또는 이혼하는 경우 이자지원은?,기본 대출약정기간까지는 지원 가능하며 이후 이자지원이 중단됩니다.
신혼부부 임차보증금 이자지원 사업,대출기간 중에 주택을 취득하는 경우?,"현행 주택시장 안정화 방안에 따라 투기지역 및 투기과열 지구에서 시가 3억원 초과 아파트 보유자는 주택에 따라 규제대상아파트 보유자로 판단되어, 본 대출의 즉시 상환 대상이 될 수 있습니다.
따라서, 주택 취득 계획 시에는 해당 시점의 관련 부동산 정책을 알아보시고 반드시 전세대출실행 은행의 사전 상담을 받아보시기 바랍니다."
신혼부부 임차보증금 이자지원 사업,대출기간 중 이자지원이 중단되는 사유 및 중단일은?,"① 예비신혼부부가 대출실행일로부터 6개월 이내 혼인관계 증명서를 미제출
(중단일 : 대출실행 후 6개월 경과일)
② 서울시 외 지역으로 전출(본인 기준)
(중단일 : 주민등록 전출일)
③ 공공임대주택 입주
(중단일 : 주민등록 전출일)
④ 임대차계약 종료
(중단일 : 임대차계약 종료/전출일)
※ ①~④의 경우 대출금을 즉시 상환해야 됨"
신혼부부 임차보증금 이자지원 사업,기한연장 시 이자지원이 중단되는 사유는?,"① 부부합산(배우자 예정자 포함) 연소득 1억 3천만원 초과
② 무주택 세대가 아닌 경우
(본인 및 배우자(예정자 포함) 합산 기준)
③ 이혼 또는 사별한 경우
④ 지원대상 주택*에 해당되지 않는 경우
* 공고문과 FAQ P9 참고"
신혼부부 임차보증금 이자지원 사업,임대차계약시 부부 공동임차인인 경우 두 사람 모두 주민등록을 유지해야 하는지?,임대차계약시 부부가 공동임차인인 경우 차주만 주민등록을 유지해도 됩니다.
신혼부부 임차보증금 이자지원 사업,25.11.20. 이후 최초 대출을 실행하는 경우 출산(임신)/입양에 따른 총 대출 기간은?,"최초 대출실행일이 '25.11.20. 이후인 경우,
자녀 1명당 최장 4년까지 대출기간이 연장됩니다.
최초 대출실행일 이후 출산(임신)/입양 자녀 수주)
0명 : 4년 이내
1명 : 8년 이내
2명 이상 : 12년 이내
주) 기한연장 시 총 자녀 수에서 최초 대출실행 시 총 자녀 수 차감"
신혼부부 임차보증금 이자지원 사업,"25.11.20.기준 자녀 수를 반영해 기한연장(자녀 1명당 2년)을 했거나, 기한연장 중인 경우 '25.11.20.부터 적용되는 기준(자녀 1명당 4년 기한연장)을 소급 적용받을 수 있는지?","25.11.20.부터 적용되는 기준의 소급 적용이 불가합니다.
다만, 최초 대출실행 이후 대출기간 중 자녀가 2명 이상 증가한 경우, '25.11.20.기준으로 연장 중인 기간에 대하여는 2년이 적용되고, '25.11.20.부터 향후 연장될 기간에 대하여는 4년이 적용됩니다.
(예시) ①, ② 예시 모두 '25.11.20 이전 최초 대출실행하고, 대출기간 중 자녀가 2명 증가한 경우
① '25.11.20 이전 자녀 2명으로 대출기간 2회(4년) 연장
→ 기본 4년 + 연장 4년(자녀 1명당 2년)
= 최장 8년 이용 가능(4년 소급 적용 불가)
※ 아래 표에서 노란색 음영으로 표시됨
② '25.11.20 이전 자녀 1명으로 대출 1회차(2년) 연장
'25.11.20 이후 자녀 1명으로 대출 2회차(4년) 연장
→ 기본 4년 + 1회차 연장 2년(자녀 1명당 2년)
+ 2회차 연장 4년(자녀 1명당 4년)
= 최장 10년 이용 가능(2회차에서 소급 적용가능)
※ 아래 표에서 파란색 음영으로 표시됨
주1) 기한연장 시 총 자녀 수에서 최초 대출실행 시 총 자녀 수 차감
주2) 자녀 1명당 대출기간 2년 기 적용
최초 대출실행일 이후 출산(임신)/입양한 자녀 수주1)
'25.11.20 기준 대출 연장에 반영된 자녀 수(기 적용 대출연장기간)주2)
총 대출기간
0명
0명(4년 이내)
4년 이내
1명
0명(4년 이내)
8년 이내
1명(6년 이내)
6년 이내
2명
0명(4년 이내)
12년 이내
1명(6년 이내)
10년 이내
2명(8년 이내)
8년 이내
3명
0명(4년 이내)
12년 이내
1명(6년 이내)
12년 이내
2명(8년 이내)
12년 이내
3명(10년 이내)
10년 이내
4명 이상
0명(4년 이내)
12년 이내
1명(6년 이내)
2명(8년 이내)
3명(10년 이내)"
신혼부부 임차보증금 이자지원 사업,임신으로도 자녀 수 증가가 인정되나요?,"출산, 입양뿐만 아니라 임신으로도 자녀 수의 증가가 인정됩니다. 대출 만기(이자지원 중단) 전 병원에서 발급하는 임신사실확인서(건강보험 임신·출산 진료비 지급 신청서)를 은행으로 제출하시면 됩니다.
※ 단, 신청시점에 임신 중인 자녀로 추가 이자지원을 받은 경우에는 기한연장 시 대출기간 중 자녀 수 증가에 해당되지 않음"
신혼부부 임차보증금 이자지원 사업,자녀 수의 증가가 없으면 몇 년 동안 대출을 이용할 수 있나요?,"※ '25.11.20(목) 신규대출 및 대출연장 신청자부터 적용
대출실행 후 자녀 수의 증가가 없는 경우 최대 이용기간(=기본 이용기간)은 4년입니다(지원조건 충족 시).
대출 기간 중 출산(임신), 입양 등으로 자녀 수가 증가한다면, 자녀 1명당 4년씩 추가 연장이 가능합니다.
(최장 12년)
다만, 기본 이용기간(4년) 만기 전까지 자녀 수의 증가가 없을 경우 난임시술 의료기관에서 발급받은 증빙서류를 제출하시면 2년을 추가로 연장할 수 있으며,
난임시술에 의해 연장된 기간(2년) 중 출산·임신·입양으로 자녀 수가 증가하면, 이에 더해 최대 4년의 대출기한을 연장할 수 있습니다.(최장 10년)"
신혼부부 임차보증금 이자지원 사업,최초 대출실행 전 유자녀인 경우에도 난임시술 연장이 가능한가요?,"최초 대출실행 전 자녀가 있다 하더라도,
기본 이용기간(4년) 중 자녀 수의 증가가 없는 경우 난임시술을 증빙하시면 난임시술 연장이 가능합니다."
신혼부부 임차보증금 이자지원 사업,난임시술 증빙 서류는 어떤 서류를 제출하나요?,"기존 대출만기일 기준 1년(응당일) 이내
(만기일이 휴일인 경우 은행의 직전 영업일 기준)
시술일자와 난임시술(인공수정, 체외수정)이 기재된 진료확인서 및 세부내역서를 제출하셔야 합니다.
※ 난임시술인정기간(예시)
1) 대출만기일(평일_2025.8.29.금)
→ 난임시술 인정기간: 2024.8.29. ~ 2025.8.29.
2) 대출만기일 (휴일_2025.8.30.토)
→ 난임시술 인정기간:2024.8.29. ~ 2025.8.29."
신혼부부 임차보증금 이자지원 사업,[대출연장 및 이자지원 예외사항],대출만기 시 공고문 상 지원자격을 충족하지 못하면 대출 연장이 불가하므로 대출금을 상환해야 하나 임차인이 전세사기(깡통전세)로 인해 임대인에게 보증금을 돌려 받지 못해 대출금을 상환하지 못할 경우 대출연장 및 이자를 최장 4년간 지원하는 사항을 말합니다.
신혼부부 임차보증금 이자지원 사업,대출연장 및 이자지원 예외사항이 무엇인가요?,대출만기 시 공고문 상 지원자격을 충족하지 못하면 대출 연장이 불가하므로 대출금을 상환해야 하나 임차인이 전세사기(깡통전세)로 인해 임대인에게 보증금을 돌려 받지 못해 대출금을 상환하지 못할 경우 대출연장 및 이자를 최장 4년간 지원하는 사항을 말합니다.
신혼부부 임차보증금 이자지원 사업,예외사항 적용을 받을 수 있는 대상자는?,"적용 대상자는 아래의 모든 조건을 충족해야 합니다.
① 대출만기 도래자 중
② 신혼부부 임차보증금 이자지원사업 자격요건 미충족* 으로 인하여 대출연장이 불가한 경우로,
* 자격요건 미충족: 부부합산(배우자예정자 포함) 연소득 1억 3천만원 초과, 이혼·사별, 자녀 미출산, 서울시 외 지역으로 전출, 공공임대주택 입주
③ 전세사기, 깡통전세로 인하여 임대인에게 보증금을 돌려 받지 못하여 대출금을 상환하지 못하는 임차인으로서
④ 임차권등기명령 및 소송경매 등의 법적절차가 진행 중인 증빙서류를 은행에 제출할 수 있는 임차인입니다."
신혼부부 임차보증금 이자지원 사업,예외사항에 따른 대출연장 및 이자지원 신청방법은?,전세사기(깡통전세) 등으로 인하여 보증금을 돌려받지 못해 대출금을 상환하지 못하는 예외사항일 경우 대출연장 및 이자지원을 위해 법적절차에 대한 증빙서류(임차권등기명령접수증 등)를 협약은행(국민/신한/하나)에 제출하여 심사를 받으셔야 합니다.
신혼부부 임차보증금 이자지원 사업,대출연장 및 이자지원 기간과 구체적인 지원내용은?,"예외사항에 따른 대출연장 및 이자지원은 6개월 단위로 최대 4년까지 연장가능하며, 법적절차 진행이 종료될 경우 반드시 대출금을 즉시 상환해야 합니다.
※ 임차권등기명령은 최대 2회(6개월 이내, 최대 1년) 연장가능 하며, 그 이후는 반드시 소송 또는 경매 절차가 진행되고 증빙서류를 제출하여야 최대 3년까지 추가연장이 가능함"
신혼부부 임차보증금 이자지원 사업,예외적용으로 인하여 구체적인 지원내용은?,"전세사기(깡통전세)로 인하여 임차보증금을 돌려받지 못해 대출금 상환이 불가한 임차인을 위하여,
최장 4년간 대출기간을 연장하고 이자를 지원하는 내용입니다.
○ 임차권등기명령자(최장 1년) : 기존 이자지원 지속
○ 소송·경매진행자(최장 3년) : 무이자
(서울시가 이자 전액부담)"
신혼부부 임차보증금 이자지원 사업,제출해야 하는 증빙서류는 어떤 것인가요?,"공통서류와 유형(임차권등기명령, 경매/공매, 소송)에 따른 서류(아래 각 항목)가 증빙서류입니다.
○ 공통 서류:
주민등록 등·초본(1개월이내 발급분), 확정일자부 임대차계약서 또는 주택임대차계약 신고필증, 부동산 등기사항전부증명서
○ 임차주택에 임차권등기명령을 하는 경우
(아래 각 호 중 하나)
1. 임차주택에 대한 임차권등기명령 접수증(임차주택 소재지 관할 지방법원)
2. 임차주택에 대한 임차권등기명령 결정문 사본
3. 임차권등기명령이 등재된 부동산 등기사항전부증명서
○ 임차주택에 경매/공매가 진행되는 경우
(아래 각 호 중 하나)
1. 경매/공매 개시 결정문 또는 경매/공매 통지서
2. 압류 및 경매/공매개시결정 또는 공고가 기재된 부동산 등기사항전부증명서
3. 주택임차인에 대한 통지서, 권리신고 및 배당요구신청 접수증명원
4. 매각물건명세서(주거임차인으로서 점유자 성명, 임대차기간, 보증금, 전입일자, 확정일자, 배당요구일자 확인이 가능하여야 함)
○ 임차주택에 전세보증금반환 소송이 진행되는 경우
(아래 각 호 중 하나)
1. 소송접수증명원/ 2. 소송계속증명원 / 3. 소제기증명원"
신혼부부 임차보증금 이자지원 사업,임차권등기명령은 무엇인가요?,"「주택임대차보호법」제3조의3 제1항에 따라 임대차 계약이 끝난 후 보증금을 돌려받지 못한 경우 임차인이 해당주택 소재지의 지방법원 등에 보증금 미반환 사실을 해당주택의 부동산 등기사항전부증명서에 등재하여 줄 것을 요청하는 제도입니다.
자세한 사항은 알기 쉬운 생활법령정보를 참고하시기 바랍니다."
신혼부부 임차보증금 이자지원 사업,이미 대출기간 내 전세사기(깡통전세)로 인하여 법적절차 진행 중일 경우에도 예외사항이 적용가능한가요?,"대출기간 내에 전세사기(깡통전세)로 인해 소송·경매 등의 법적절차 진행 중일 경우에는 예외적인 적용이 불가합니다.
적용대상은 자격요건 미충족 및 대출만기가 임박하여 대출을 상환하여야 하나, 전세사기(깡통전세)로 인해 임대인에게 보증금을 돌려받지 못해 대출상환이 불가한 임차인이 적용대상입니다."
신혼부부 임차보증금 이자지원 사업,[기타],"서울시는 신혼부부의 높은 주거비 부담을 덜어드리고자 '18년부터 최대한 많은 신청을 받고 지속적인 이자 지원을 해왔으나, 한정된 예산규모 등을 고려하여 불가피하게 일일 신청건수를 제한하게 되었습니다. 일일 신청건수 제한으로 불편함을 겪으실 수도 있으나 지원사업의 중단을 피하고 계속하기 위한 조치이므로 신청자 분들의 양해를 부탁드립니다."
신혼부부 임차보증금 이자지원 사업,일일 신청건수를 제한하는 이유는 무엇인지?,"서울시는 신혼부부의 높은 주거비 부담을 덜어드리고자 '18년부터 최대한 많은 신청을 받고 지속적인 이자 지원을 해왔으나, 한정된 예산규모 등을 고려하여 불가피하게 일일 신청건수를 제한하게 되었습니다. 일일 신청건수 제한으로 불편함을 겪으실 수도 있으나 지원사업의 중단을 피하고 계속하기 위한 조치이므로 신청자 분들의 양해를 부탁드립니다."
신혼부부 임차보증금 이자지원 사업,일일 신청건수 잔여수량은 어떻게 확인하나요?,서울주거포털에 접속 후 신혼부부 임차보증금 이자지원 사업 신청페이지로 들어오시면 팝업 및 신청페이지에서 확인 가능합니다.
신혼부부 임차보증금 이자지원 사업,일일 신청건수가 초과되어 신청을 못하면 어떻게 하나요?,"일일 신청건수가 초과되었을 경우, 매일 신청할 수 있으므로 신청이 가능한 날에 신청하시면 됩니다.
단, 신청 완료 후 심사 부적격 사유 발생 시(필요 서류 미첨부, 인적사항 및 물건지 정보 오기재 등) 승인 거부 처리 되며, 거부사유에 따른 보완 후 재심사요청 시에도 재심사요청 시점 기준으로 평일 3일 내외의 심사 기간이 소요되오니 유의하시기 바랍니다."
신혼부부 임차보증금 이자지원 사업,추천서 승인 후 입력사항 오기로 인해 내용 수정이 필요하다면 어떻게 하나요?,"신청자와 배우자 인적사항 및 물건지 주소 오기재, 본인 변심으로 인한 대출추천금액 변경, 은행변경, 추천서 발급 후 계약서 변경(계약기간, 물건지 변경 등), 추천서 유효기간 만료 등의 사유로 인해 수정 또는 재신청이 필요할 경우 ‘신청취소'(서울주거포털 마이페이지에서 가능) 요청해야 합니다.
신청취소 처리는 추천서 발급과 마찬가지로 평일 기준 3일 내외입니다.
※ 기존 추천서로 대출을 기 이용 중인 자에 대해서는 기존 대출추천서의 승인취소가 불가하며, 승인취소 시 이자지원이 중단될 수 있습니다."
신혼부부 임차보증금 이자지원 사업,서울시 신혼부부 임차보증금 대출도 전세대출 갈아타기가 가능한가요?,"전세대출 갈아타기는 '24.1.31.부터 정부금융당국(금융 위원회)에서 운영 중인 사업으로, 금융위원회의 지침을 따릅니다.
정부의 저리 금융상품과 지방자치단체와 협약에 의해 시행되는 대출은 대상에서 제외되어 서울시 신혼부부 전세대출 상품은 전세대출 갈아타기에 해당하지 않습니다."
신혼부부 임차보증금 이자지원 사업,[신혼부부 임차보증금 반환보증 보증료 지원 관련],서울주거포털 접속 및 로그인 → [화면상단] 청년·신혼 부부 지원 → 신혼부부 반환보증료 → 임차보증금 반환 보증 보증료 지원 신청하기 → 신청자격 확인 → 약관 동의 → 개인정보 및 구비서류 등록 → 신청완료(카톡 알림) → 신청에 따른 지급 승인 여부 통보(마이페이지)
신혼부부 임차보증금 이자지원 사업,신청은 어떻게 하나요?,서울주거포털 접속 및 로그인 → [화면상단] 청년·신혼 부부 지원 → 신혼부부 반환보증료 → 임차보증금 반환 보증 보증료 지원 신청하기 → 신청자격 확인 → 약관 동의 → 개인정보 및 구비서류 등록 → 신청완료(카톡 알림) → 신청에 따른 지급 승인 여부 통보(마이페이지)
신혼부부 임차보증금 이자지원 사업,임차보증금 반환보증은 자동으로 가입되나요?,"자동가입이 아닌 별도의 가입 신청절차를 거쳐야 합니다.
대출완료 후, 대출은행 지점에 방문하시어 한국주택금융 공사(HF)의 임차보증금 반환보증 가입신청을 하시고, 보증심사 및 보증료 납부가 완료되어야 합니다.
단, 서울시에서 보증료 지원을 받기 위해서는 서울주거 포털을 통해 대출실행일 기준 90일 이내(휴일인 경우 그 다음 근무일까지) 보증료 지원 신청을 해야 합니다."
신혼부부 임차보증금 이자지원 사업,임차보증금 반환보증은 무조건 가입이 되는건가요?,"주택에 따라 한국주택금융공사의 임차보증금 반환보증 지침에 맞지 않을 경우 가입이 거절될 수 있습니다.
반환보증 가입에 대한 자세한 상담은 협약은행 및 한국 주택금융공사(☎1688- 8114)로 문의하시기 바랍니다."
신혼부부 임차보증금 이자지원 사업,서울시에 보증료 지원 신청을 한 후에 전세보증금 반환보증에 가입하는 건가요?,"먼저 협약은행을 방문하여 반환보증 가입 및 보증료 납부를 완료하신 후, 서류를 준비하시고 서울주거포털에서 지원 신청을 하시기 바랍니다.
※ 신청서류 : 금융거래확인서, 임차보증금 반환보증서(전세지킴보증서), 임차보증금반환보증 보증료 영수증, 대출자 본인 명의 통장사본, 주민등록등본 및 부동산 등기사항전부증명서(舊등기부등본)를 제출하시면 됩니다."
신혼부부 임차보증금 이자지원 사업,신혼부부 임차보증금 이자지원 사업 이용자만 이용 가능 하나요?,"서울시 신혼부부 임차보증금 이자지원 사업을 통해 '24.7.30.이후 신규 대출을 받으신 분만 이용 가능하며, 생애 1회만 지원 가능합니다. 신규 대출일은 은행 발급 금융거래확인서에서 확인 가능합니다."
신혼부부 임차보증금 이자지원 사업,임차보증금 반환보증 가입 기관은 아무 곳이나 상관없나요?,"한국주택금융공사(HF)의 임차보증금 반환보증을 가입한 사람만 가능합니다. 본 대출은 서울시-협약은행-한국주택 금융공사(HF)간의 협약으로 운영되는 사업으로서 주택도시보증공사(HUG), SGI서울보증은 지원 불가합니다."
신혼부부 임차보증금 이자지원 사업,보증료 지원 기간에 제한은 없나요?,"신규 대출실행일로부터 90일 이내(휴일인 경우 그 다음 근무일까지) 신청자만 지원 가능합니다.
신규 대출일은 은행 발급 금융거래확인서에서 확인합니다."
신혼부부 임차보증금 이자지원 사업,「민간임대주택에 관한 특별법」에 따른 등록임대주택의 임차인도 지원을 받을 수 있나요?,"「민간임대주택에 관한 특별법」에 따른 등록임대주택의 임차인의 경우 신혼부부 임차보증금 반환보증 보증료 지원에 신청할 수 없습니다.
등록임대사업자는 임대보증금 반환보증 가입이 의무이며, 임차인이 임차보증금 반환보증을 가입하는 경우 임대인에게 보증료 청구를 할 수 있습니다."
신혼부부 임차보증금 이자지원 사업,「민간임대주택에 관한 특별법」에 따른 등록임대주택의 임차인인지 어떻게 아나요?,"부동산 등기사항전부증명서(舊등기부등본) 상 갑구의 등기목적, 권리자 및 기타사항에 보면「민간임대주택에 관한 특별법」에 따른 등록임대주택임이 표기되어 있습니다."
신혼부부 임차보증금 이자지원 사업,"동일 주택에 대한 동일 가입 건을 국토교통부, 자치구 등에서 시행하는 전세보증금 반환보증 보증료 지원사업에 중복 신청해도 되나요?","국토교통부, 자치구 등에서 시행하는 전세보증금 반환 보증료 지원사업에 중복 지원은 불가하며 중복 수령 시 「보조금 관리에 관한 법률」에 의거 환수됩니다.
※ 지원 대상자는 해당 자치구로 통보 예정입니다."
신혼부부 임차보증금 이자지원 사업,신청서류는 무엇을 제출하면 되나요?,"금융거래확인서, 임차보증금 반환보증서(전세지킴보증서), 임차보증금반환보증 보증료 영수증, 대출자 본인 명의 통장사본, 주민등록등본 및 부동산 등기사항전부증명서(舊등기부등본)를 제출하시면 됩니다."
신혼부부 임차보증금 이자지원 사업,제출 서류를 어디에서 발급 받아야 하나요?,"① 금융거래확인서: 대출실행 은행
② 임차보증금 반환보증서 및 보증료 납부 영수증: 은행 방문 수령 또는 한국주택금융공사 홈페이지에서 발급
③ 주민등록등본 : 동주민센터 또는 정부24 홈페이지
④ 부동산 등기사항전부증명서: 지방법원 등기소 또는 인터넷등기소 홈페이지(일부 동주민센터 발급 가능)"
신혼부부 임차보증금 이자지원 사업,심사는 며칠이나 걸리나요?,"신청일로부터 결과통보는 근무일 기준 3일 내외가 소요됩니다. 서류 미비 시 승인거부되며, 승인거부 되더라도 마이페이지에서 서류를 보완할 수 있습니다.
단, 근무일 기준 하루 심사 건은 40건 내외로 신청이 많을 경우 결과 통보가 지연될 수 있습니다."
신혼부부 임차보증금 이자지원 사업,지급은 언제 되나요?,"신청 승인이 이루어진 후, 승인완료일 기준 익월(다음 달) 20일에 신청하신 계좌로 지급이 됩니다. 단, 20일이 휴일이나 공휴일일 경우, 휴일의 그 다음 근무일에 지급됩니다."
신혼부부 임차보증금 이자지원 사업,입금을 다른 사람의 통장으로 신청할 수 있나요?,"신청자 본인 명의의 통장으로만 입금처리 됩니다.
또한 보증료 지원 신청자는 대출자와 동일하여야 합니다."
신혼부부 임차보증금 이자지원 사업,주민등록상 “세대주”가 아닌 자를 “세대주”로 인정하는 경우,"[세대주와 동일세대를 이루고 있는 세대원 중 다음 어느 하나에 해당하는 자]
① 배우자
② 직계존비속 및 그의 배우자
③ 세대주 및 배우자의 형제자매
④ 배우자의 직계존비속 및 그의 배우자
⑤ 보증신청일로부터 6개월 이내에 결혼하기로 예정된 자
※ 참고 : 세대주 인정범위(예시)"
,,
2025년 서울시 청년월세지원사업,Q1. 연령(19~39세)은 주민등록상 생일 기준인가요? 출생연도 기준인가요?,"○ 주민등록 상의 출생연도 기준입니다.
○ 주민등록 상 1985. 1. 1.~2006.12.31. 신청 가능합니다."
2025년 서울시 청년월세지원사업,Q2. 임대차계약서상 건물 소재지에 언제부터 주민등록이 되어 있어야 하나요?,"○ 신청 당시에 임대차계약서상 건물 소재지에 주민등록이 등재되어 있어야 합니다.
○ 지원 대상으로 선정된 이후 서울시 내에서 월세로 이사를 하고 전입신고 및 임대차계약 변경신청을 하면 계속해서 지원을 받을 수 있습니다. 다만, 중지 사유가 발생하는 경우는 지원이 불가하므로 ‘지원중지' 신청을 해야 합니다."
2025년 서울시 청년월세지원사업,"Q3. 실제 거주는 서울, 주민등록은 경기도로 되어있습니다. 청년 월세 지원 받을 수 있나요?","○ 지원받을 수 없습니다. 주민등록상 주소지와 실거주지가 모두 서울시이고, 임대차계약서 기준 임차주택 소재지와 주민등록상 주소지가 동일해야 지원이 가능합니다."
2025년 서울시 청년월세지원사업,"Q4. 주민등록상 주소지는 서울인데, 실 거주지는 타 시도입니다. 청년 월세 지원 신청 가능한가요?","○ 지원받을 수 없습니다. 주민등록상 주소지와 실거주지가 모두 서울시이고, 임대차계약서 기준 임차주택 소재지와 주민등록상 주소지가 동일해야 지원이 가능합니다."
2025년 서울시 청년월세지원사업,Q5. 주민등록 말소자입니다. 신청이 가능한가요?,○ 주민등록 말소자는 신청 불가합니다.
2025년 서울시 청년월세지원사업,Q6. 청년 1인 가구 기준은 무엇인가요?,"○ 신청인의 주민등록 기준입니다. 주민등록상 신청인 혼자만 있는 경우 청년 1인 가구입니다.
○ 다만, 청년(19세~39세)인 형제자매와 동거인이 있는 경우에도 신청 가능합니다."
2025년 서울시 청년월세지원사업,Q7. 본인 외의 다른 사람이 신청할 수 있나요?,○ 임차인인 본인 외 다른 사람은 신청하실 수 없습니다. 임대차계약서상 임차인이 ‘서울주거포털'에서 직접 온라인 신청하여야 합니다.
2025년 서울시 청년월세지원사업,Q8. 외국인도 신청할 수 있나요?,"○ 청년월세 지원대상은 서울시에 주민등록이 되어있고, 실제 서울시에 거주하고 있는 청년이 대상으로, 현재 외국인은 신청할 수 없습니다."
2025년 서울시 청년월세지원사업,Q9. 다른 월세지원 사업을 중복으로 신청할 수 있나요?,"○ 중복신청 불가능합니다.
○ 국토교통부 청년월세 한시 특별지원, 은평형 청년월세지원, 서울시 청년월세지원 사업 등 다른 월세 지원금을 동시에 지원받고 있으면 신청이 불가능합니다."
2025년 서울시 청년월세지원사업,"Q10. 한번 월세 지원을 받은 경우, 다음번에도 지원이 가능한가요?","○ 서울시 청년월세지원 사업은 생애 1회 지원 제한이 있어, 과거에 신청인 본인의 서울시 청년월세지원을 받은 이력이 있으면 신청하는 것이 불가능합니다."
2025년 서울시 청년월세지원사업,Q11. 올해 신청 자격·요건을 충족하지 못해 탈락했는데 내년에 신청 할 수 있나요?,○ 신청 가능합니다. 신청 자격·요건이 다소 변경될 수도 있으니 내년도 공고문을 확인하시기 바랍니다.
2025년 서울시 청년월세지원사업,"Q12. 같은 주소지에서 가구가 분리되어 있고, 공동으로 임대차 계약을 체결했는데 각각 신청 가능 한가요?",○ 주민등록상 각각 분리되어 청년 1인 가구인 경우에도 공동으로 임대차계약을 체결하였다면 한 사람만 신청 가능합니다. 협의하여 한 분이 먼저 신청하시고 다른 분은 추후 신규 사업 모집 기간에 신청하셔야 합니다.
2025년 서울시 청년월세지원사업,"Q13. 친구와 둘이 한 집에 사는데 한 사람은 세대주, 한사람은 동거인인 경우 둘 다 신청이 가능한가요?","○ 주민등록상 동거인이 청년(19세~39세)인 경우는 임대차 계약서상 임차인 명의자 1인에 한해 신청이 가능합니다.
○ 다만, 셰어하우스(공유주택) 등 임대사업자와 개별 임대차 계약을 체결한 경우에는 주민등록상 동거인도 동시에 신청이 가능합니다."
2025년 서울시 청년월세지원사업,Q14. 임대차계약자(임차인)가 신청인이 아닌 다른 사람이어도 신청 가능한가요?,"○ 임대차계약서 기준 임차인과 신청인은 동일해야 합니다. 임차인이 부모, 형제 등 타인인 경우 신청 불가합니다."
2025년 서울시 청년월세지원사업,Q15. 청년월세지원 신청 기간 중에 월세계약 예정인데 신청이 가능한가요?,"○ 신청일 기준이므로 신청기간 종료일 6월 24일 18:00 이내로 임대차계약서 작성, 전입신고가 되어 있으면 신청이 가능 합니다.
○ 다만, 계약서 작성일은 6월 24일 이전이나 계약서상 입주일, 잔금지급일, 전입신고 등이 6월 24일이 지난 후로 작성되어 있을 경우는 선정제외 대상이니 유의하시기 바랍니다."
2025년 서울시 청년월세지원사업,"Q16. 신청인 정보 등록에서 주민번호를 입력하고 주민번호 확인 시, 기초생활수급자라고 뜨는데, 저는 기초생활수급을 받고 있지 않아요. 어떻게 하나요?",○ 기초생활수급자 여부는 주민 등록된 동주민센터에서 결정 및 전산 등록을 합니다. 청년월세지원 시스템에서는 주민 번호가 행정안전부 기초생활수급자 데이터 시스템에 자동 연동되어 기초생활수급자 여부가 조회되는 것입니다. 따라서 기초생활수급자 여부 관련하여 해당(주소지) 동주민 센터에 문의 및 확인 바랍니다.
2025년 서울시 청년월세지원사업,"Q17. 청년 월세 지원 신청과 관련하여 소식을 받고 싶은데, 방법이 어떻게 될까요?(이메일, 문자 등)","○ 청년 월세 지원 신청과 관련한 정보는 서울주거포털 (https://housing.seoul.go.kr)에서 확인 가능합니다.
○ 청년 월세 지원 사업과 관련하여 문자 알림 서비스는 없으며, 메일 알림 방법은 다음과 같습니다.
서울시 홈페이지(https://www.seoul.go.kr/main/index.jsp)에 로그인 후 ‘나의 서울 - 회원정보 변경 - 본인확인 진행 - 부가 서비스'에서 ‘행사강좌 등 정보'에 ‘청년월세신청안내'를 체크하시면 신청기간이 도래하였을 때 메일을 받아보실 수 있습니다. 하지만 메일 송수신 환경에 따라 메일이 수신 되지 않을 수 있어 메일 알림 서비스는 참고로만 활용하시고 서울주거포털 홈페이지에서 모집 공고를 수시로 직접 확인하셔야 모집 기간을 놓치지 않으실 수 있습니다."
2025년 서울시 청년월세지원사업,Q18. 온라인 외에 오프라인으로도 신청이 가능한가요?,"○ 서울시 청년 월세 지원은 서울주거포털 (https://housing.seoul.go.kr) '청년월세지원’란에서 온라인으로만 신청 가능합니다.
방문이나 우편 접수 등 오프라인 신청은 불가합니다."
2025년 서울시 청년월세지원사업,"Q19. 신청 도중 컴퓨터나 모바일에서 오류가 나는 경우, 어떻게 해야 되나요?","○ 신청 도중 컴퓨터나 모바일에서 오류가 나는 경우 아래와 같이 캐시 삭제를 한 뒤 다시 신청하여 주시기 바랍니다.
< PC 브라우저 캐시 데이터를 삭제하는 방법 >
1) Chrome (크롬)
① 도구(...) > 인터넷 사용 기록 삭제 (단축키:Ctrl+Shift+Del)
② 고급 탭 선택 후 기간을 전체기간 선택 후 ‘인터넷 사용기록’삭제를 체크하여 데이터 삭제
③ 브라우저를 닫은 후 다시 브라우저를 띄운 후 신청
2) Edge (엣지)
① 도구(...) > 설정
② 개인 정보, 검색 및 서비스 > 검색 데이터 지금 지우기 ""지울 항목 선택"" 클릭
③ 시간 범위는 모든 시간 선택 후 지금 지우기 버튼 클릭
④ 브라우저를 닫은 후 다시 브라우저를 띄운 후 신청
3) Safari (MAC)
① 왼쪽 상단의 Safari > 설정
② 설정 > 고급 > 하단의 ""메뉴 막대에서 개발자용 메뉴 보기"" 체크
③ 메뉴표시줄의 개발자용 > 캐시 비우기
④ 브라우저를 닫은 후 다시 브라우저를 띄운 후 신청
< 모바일 브라우저 캐시 데이터를 삭제하는 방법 >
1) 안드로이드 크롬
① 우측상단 메뉴( ... ) 버튼을 눌러 설정 메뉴로 진입
② 설정 메뉴 중 인터넷 사용 기록 삭제를 클릭
③ 기간을 전체기간으로 선택 후 데이터 삭제 버튼을 눌러 캐시 삭제
④ 브라우저를 닫은 후 다시 브라우저를 띄운 후 신청
2) iPhone (Safari)
① iPhone에서 설정 앱을 열고 상단 검색창에서 Safari를 검색 또는 하단 앱> Safari 클릭
② 하단으로 스크롤하여 '방문 기록 및 웹 사이트 데이터 지우기'를 클릭
③ 방문 기록 데이터 지우기를 클릭하여 확인을 진행
④ 브라우저를 닫은 후 다시 브라우저를 띄운 후 신청"
2025년 서울시 청년월세지원사업,Q20. 서울 청년월세지원 사업 공고는 어디에서 확인할 수 있나요?,"○ 서울주거포털(https://housing.seoul.go.kr) → [청년·신혼부부 지원]-[청년월세지원]
○ 청년몽땅정보통(https://youth.seoul.go.kr) → [주거] [주거비 지원] - [청년월세지원]에서 확인 가능합니다.
※ 사업 신청에 대한 상세내용은 [공고문]을 통해 확인 가능"
2025년 서울시 청년월세지원사업,Q21. 서울주거포털 기존 가입자인데 개명하여 이름이 달라졌을 경우 어떻게 해야 하나요?,"○ 서울시 홈페이지에서 개인정보 → 회원정보 변경에서 이름을 변경해 주시기 바랍니다. 임대차계약서가 개명 전 이름으로 작성된 경우 청년월세 지원 신청 시 주민등록 초본을 기타 서류로 첨부해 주셔야 합니다.
※ 문의 : 서울시 회원관리 02-2126-4519 / 02-2133-6517"
2025년 서울시 청년월세지원사업,Q22. 타인명의 핸드폰을 이용하고 있어 온라인 신청 시 본인 인증이 안 될 경우 어떻게 해야 하나요?,"○ 아이핀(I-PIN)을 발급하여 본인인증을 진행해야 하며, 아이핀 발급 홈페이지에서 온라인 발급 가능합니다.
아이핀 신규 발급 시 별도 인증이 필요하며 인증을 위해 범용공인인증서(유료인증서)를 추가 발급받으셔야 합니다.
① 온라인 발급
※ 아이핀 발급처 : 나이스평가정보(www.niceipin.co.kr) → “아이핀발급” 메뉴 통해 발급(문의 : ☎1600-1522)
② 오프라인 발급
본인 명의 신분증 지참하여 나이스평가정보 고객센터 직접 방문하여 발급
※ 주민센터 아이핀 발급 업무 중단('22년 1월 1일~)"
2025년 서울시 청년월세지원사업,"Q23. 월세지원 신청 완료 후 변동 사항(주소지, 신청자 정보, 첨부파일 등)이 생겼습니다. 수정은 어떻게 하나요?",○ 신청기간('25. 6. 11.(수) 10:00 ~ 6. 24.(화) 18:00 마감시간까지) 내에만 수정 가능 합니다.
2025년 서울시 청년월세지원사업,"Q24. 청년월세지원 신청을 했는데, 제가 신청을 잘했는지 확인은 어디서 하나요?",○ 서울주거포털 https://housing.seoul.go.kr → “마이페이지”에서 확인 가능(참여자 직접 확인)
2025년 서울시 청년월세지원사업,"Q25. 신청 후 선정 결과를 기다리고 있는데, 신청 내용을 변경할 수 있나요?","○ 최종 선정 전까지는 신청 내용을 변경할 수 없습니다.
○ 최종 선정이 되었다면, 선정 이후 변경 신청할 수 있습니다."
2025년 서울시 청년월세지원사업,Q26. 신청시 준비해야 할 건 뭔가요?,"○ 신청시 준비할 필수서류는 확정일자가 날인된 임대차계약서, 이체확인증 (신청일 기준 최근 3개월인 3~5월의 월세 이체 내역, 임대인 계좌 확인), 가족관계증명서(본인 기준 상세증명서, 공고일 이후 발급분) 3가지입니다."
2025년 서울시 청년월세지원사업,Q27. 제출서류는 언제 기준으로 발급받아야 하나요?,○ 공공기관에서 발급받은 제출서류는 공고일 이후 발급받은 서류이어야 합니다.
2025년 서울시 청년월세지원사업,Q28. 제출서류 등록은 어떻게 하나요?,"○ 제출서류는 가급적 PDF로 저장하여 등록(첨부)하시면 됩니다.
○ 2개 이상의 제출서류(예를 들면 고시원, 무보증월세)가 있는 경우는 하나의 PDF 파일로 저장 또는 각각 첨부하실 수 있습니다.
○ 임대차 계약서가 여러 장인 경우 전체를 하나의 PDF 파일로 저장하여 등록해야 합니다."
2025년 서울시 청년월세지원사업,Q29. 공공기관 발행 제출서류에는 ‘발급 기관장'의 직인 날인이 있어야 되나요?,"○ 제출서류에는 발급기관의 장 직인 날인이 있어야 합니다. 단, '직인 생략'이라고 되어 있는 경우에는 직인 날인이 없어도 가능합니다."
2025년 서울시 청년월세지원사업,Q30. 모든 서류의 주민등록번호 뒷자리는 지우고 제출 하나요?,○ 개인정보 보호를 위하여 가급적 모든 제출서류에는 본인을 제외한 모든 사람의 주민등록번호 뒷자리는 지우고 (또는 가리고) 제출하여 주시기 바랍니다.
2025년 서울시 청년월세지원사업,Q31. 신청시 부모 성명 기재란에 부모 성명을 입력해야 하나요?,"○ 임대인(임차건물 집주인)이 신청인의 ‘부모’인 경우 월세지원금 신청 제외 대상자입니다. 부모 성명 기재란에 부모 성명을 모두 기재하여야 하며, 가족관계증명서도 제출하여야 합니다."
2025년 서울시 청년월세지원사업,Q32. 임대차 계약서에 확정일자가 없으면 탈락하나요?,"○ 확정일자가 날인된 임대차계약서를 제출하는 것이 원칙 입니다. 단, 확정일자를 받을 수 없는 아래 경우는 객관적인 증빙서류 제출 시 예외 인정합니다.
1) 주택(원룸, 다가구주택, 무보증월세 등)은 ①~③ 중 하나 제출
① 공인중개사가 날인한 임대차계약서 사본
② 임대차계약서와 임대차 건물 등기부등본 사본
③ 임대차계약서와 주택 임대차 계약 신고필증
※ “확정일자 부여현황”은 주택임대차계약신고필증이 아님
※ 등기부등본상 임차주택의 소유주와 임대차계약서상 임대인 성명이 동일해야 하며, 다를 경우 임대인의 (임대)사업자등록증 사본을 추가 제출해야 함
• 등기부등본은 인터넷등기소(http://www.iros.go.kr)에서 발급가능
2) 고시원, 게스트하우스 등 ①, ② 모두 제출
① 입실확인서
※ 주의사항 : 임대인과 임차인의 성명, 생년월일 기재 및 도장 또는 서명 날인, 임차 보증금과 월세금액, 계약일자 등 기재 필수
※ 임대차계약사항이 기재된 입실확인서 등이 없는 경우 공고문 붙임 참고 서식(실거주 확인서) 편집하여 사용 가능
②(임대)사업자등록증 사본
※ 본인이 월세로 살고 있다는 것과 임대인이 건물주 또는 임대사업자 임을 증명할 수 있는 서류를 제출해야 합니다.
3) 전대차 계약인 경우 ①, ②, ③ 모두 제출
① 전대차 계약서
※(전대차 계약사항) 전대인과 전차인의 성명, 생년월일, 도장 또는 서명 날인, 임차보증금과 월세금액, 계약일자, 소재지 등이 기재되어 있어야 함
② 전대인의 임대차 계약서
③ 건축물대장, 건축물 현황도
※ 건축물대장 등 해당 주택의 내부구조 파악이 가능한 자료"
2025년 서울시 청년월세지원사업,Q33. 임대차 계약서 공인중개사 날인이 없으면 탈락하나요?,"○ 임대인과 직접 계약 등으로 임대차계약서에 공인중개사 날인이 없더라도 ①~③ 중 하나를 제출하면 됩니다.
① 확정일자가 날인된 임대차계약서 사본
② 임대차계약서와 임대차 건물 등기부등본 사본
② 임대차계약서와 주택 임대차 계약 신고필증"
2025년 서울시 청년월세지원사업,Q34. 임대차 계약서가 아닌 주택 임대차 계약 신고필증만 제출해도 되나요?,"○ 임대차계약서 제출은 필수이며, 임대차계약서와 주택 임대차 계약 신고필증을 함께 제출하는 것은 가능합니다.
○ 임대차계약서 없이 주택 임대차 계약 신고필증만 제출할 경우 심사 결과 탈락됩니다."
2025년 서울시 청년월세지원사업,"Q35. 임대차계약서는 없고, 무보증 월세로 하숙방에 거주 중인데 신청이 가능할까요?","○ 임대차계약서가 없는 고시원, 게스트하우스 등은 ①입실확인서와 ②(임대)사업자등록증 사본 2가지를 같이 제출하여야 합니다.
① 입실확인서
※ 주의사항 : 임대인과 임차인의 성명, 생년월일 기재 및 도장 또는 서명 날인, 임차 보증금과 월세금액, 계약일자 등 기재 필수
※ 임대차계약사항이 기재된 입실확인서 등이 없는 경우 공고문 붙임 참고 서식(실거주 확인서) 편집하여 사용 가능
②(임대)사업자등록증 사본
※ 본인이 월세로 살고 있다는 것과 임대인이 건물주 또는 임대사업자임을 증명할 수 있는 서류를 제출해야 합니다."
2025년 서울시 청년월세지원사업,"Q36. 계약을 연장하면서 임대차계약서를 재작성하였습니다. 새로운 계약서에는 확정일자가 없고, 기존계약서만 확정일자가 있는데 어떻게 해야 하나요?",○ 확정일자가 있는 기존계약서와 새로 작성한 계약서를 함께 첨부하여 주시기 바랍니다.
2025년 서울시 청년월세지원사업,Q37. 임대인과 월세 받는 사람이 다르면 어떻게 하나요?,"○ 임대차계약서에 아래 예시와 같이 내용을 기재하고 임대인의 서명 또는 도장 날인하시면 됩니다.
예시) 임차료는 매월 자녀 김○○에게 입금한다. 홍길동(임대인 = 집주인) 서명 날인
○ 임대차계약서상 공동명의인에게 월세를 납부하실 경우, 변경 신청은 하지 않으셔도 됩니다."
2025년 서울시 청년월세지원사업,"Q38. 월세 이체증을 최근 3개월 치로 내라고 되어 있는데, 신청일 기준 이체 내역이 3개월이 안되면 증빙서류를 어떻게 제출하나요?","○ 최근 1달만 이체증이 있는 경우 해당 월에 대한 이체증만 제출하면 되며, 6월 24일(신청마감일)이전부터 거주(주민등록 이전) 한 경우 월세 지원 신청 가능합니다.
○ 월차임 후불조건이라 월차임 이체확인증이 없는 경우, 계약금, 보증금을 완납한 이체확인증을 첨부하여 주시기 바랍니다.
예시) 임대차 계약 3월, 3 ~ 5월 월세 이체 : 3, 4, 5월 월세 이체 내역 제출
임대차 계약 4월, 4 ~ 5월 월세 이체 : 4, 5월 월세 이체 내역 제출
임대차 계약 5월, 5월 월세 이체 : 5월 월세 이체 내역 제출
임대차 계약 6월 24일 이전, 6월 월세 지급기일 미도래로 월세 이체내역 없는 경우 : 보증금 잔금 이체 내역"
2025년 서울시 청년월세지원사업,"Q39. 월세액과 관리비를 합쳐서 한번에 임대인에게 이체했습니다. 이 경우, 이체 내역과 계약서상 월세액 금액이 불일치하면 신청할 수 없나요?","○ 월세액과 관리비를 한번에 이체하였어도, 임대차계약서상 임대인 성명으로 월세 이체가 되고 있다면 신청 가능합니다."
2025년 서울시 청년월세지원사업,"Q40. 임대차계약만 체결하여 월세 이체증이 없는 경우나 현금 납부, 보증금에서 차감하는 경우 지원금을 받을 수 있나요?","○ 임대차계약만 체결한 경우 신청접수 종료일 6월 24일 이내로 잔금(보증금) 납부한 이체내역을 첨부하여 주시기 바랍니다.
※ 이체일자, 임대인성명(또는 임대인 계좌번호), 금액이 명시되어야 함
○ 임대인, 월세 금액, 월세 이체일자 등이 표시된 월세 계좌 이체증을 신청시 제출서류로 첨부하시면 됩니다.
월세납부 확인이 되지 않는 경우 청년월세 지원대상자로 선정될 수 없습니다.
※ 특별한 사정(현금납부, 보증금에서 월세 차감 등)이 있는 경우 월차임납부확인서 작성제출 (서울주거포털 '청년월세지원'란 자료실에 있음)"
2025년 서울시 청년월세지원사업,Q41. 월세를 카드 결제로 납부하여 월세 계좌 이체증이 없는데 어떻게 해야 하나요?,○ 카드사 고객센터에 전화해서 ‘개인 매출 거래 확인서' 또는 ‘이용내역 확인서'를 발급받아 제출하시면 됩니다.
2025년 서울시 청년월세지원사업,Q42. 여러 달의 월세(연세)를 한 번에 납부했는데 어떻게 해야 하나요?,"○ 임대인에게 여러 달의 월세를 한 번에 납부했다는 확인서 (내용 및 임대인 서명날인 포함)를 받아 제출하면 됩니다.
※ 참고서식(월차임 납부확인서)은 서울주거포털 ‘청년월세지원’란 자료실에 있음"
2025년 서울시 청년월세지원사업,"Q43. 월세 이체를 신청인이 아닌 다른 사람(부모님 등)이 했는데, 신청인 본인이 월세 이체하지 않으면 탈락하나요?","○ 월세이체내역에는 이체일자, 임대인성명(또는 임대인 계좌번호), 금액이 명시되어야 하며, 이체한 사람 명의가 신청인과 달라도 신청 가능합니다."
2025년 서울시 청년월세지원사업,Q44. 청년 월세 지원 신청 후 제출 서류 중 누락된 것을 발견하였습니다. 추가로 제출하는 방법은 무엇인가요?,"○ 신청기간('25. 6. 11.(수) 10:00 ~ 6. 24.(화) 18:00 마감시간까지) 내에만 수정 가능 합니다.
○ 심사결과 발표 후 이의신청 등록시 소명자료 제출이 가능합니다.(이의신청은 1회만 등록 가능하며, 심사결과 결정·통보 이후 서울주거포털 공지사항을 확인하시기 바랍니다)"
2025년 서울시 청년월세지원사업,"Q45. 월세 정보 입력 시 실제 월세액이 천원 단위인데, 입력을 어떻게 하나요?","○ 임대차계약서에 표기된 월세 금액을 천원 단위에서 절사하여 입력하시기 바랍니다.
예시) 월세 108,000원은 100,000원으로 입력"
2025년 서울시 청년월세지원사업,Q46. 임대차계약서상 기한이 지났지만 묵시적 연장으로 계속 거주하고 있습니다. 신청이 가능한가요?,"○ 임대차계약서 기한이 지난 계약서라도 묵시적으로 연장되어 월세를 계속 내고 있다면 유효합니다.
○ 임대차계약서 특약사항란 또는 신청등록시 시스템(신청서)의 특이사항란에 “임대차계약과 동일한 조건으로 임대차계약이 묵시적으로 연장되었음을 확인합니다.”라고 기재해 주시기 바랍니다."
2025년 서울시 청년월세지원사업,"Q47. 임차보증금 9천만원, 월세는 60만원인데 신청 가능한가요?",○ 신청 불가합니다. 임차보증금은 8천만원 이하이면서 월세 60만원 이하여야 신청 가능합니다.
2025년 서울시 청년월세지원사업,"Q48. 월세 60만원이 넘어도 신청이 가능하다고 하는데, 임차보증금 5천만원, 월세 62만원이면 신청 가능한가요?","○ 월세 60만원 초과자는 보증금을 월세로 환산한 금액과 월세액을 합산한 금액이 93만원 이하인 경우에만 신청이 가능합니다.
보증금 월세 환산율은 5.0%를 적용합니다. 사례의 경우 합산액이 82만원이므로 신청 가능합니다.
※ 5천만원×5.0%÷12개월+62만원=828,333원→82만원(천원단위 절사)"
2025년 서울시 청년월세지원사업,Q49. 보증금 월세 환산율을 5.0%로 적용하는 근거는 무엇인가요?,○ 주택임대차보호법(제7조의 2)에 의거 한국은행에서 공시한 2024년도 말 기준금리(3.0%)에 대통령령으로 정하는 이율(2%)을 더한 비율입니다.
2025년 서울시 청년월세지원사업,"Q50. 임대차계약서상 공동임차인으로 되어 있는 경우, 임차보증금과 월세액은 얼마를 적용하나요?","○ 임대차계약서상 별도의 분담액 표기가 있는 경우는 표기된 분담액으로 적용하고, 분담액 표기가 없는 경우는 공동 임차인 인원 수로 나눈 금액을 적용합니다."
2025년 서울시 청년월세지원사업,Q51. 확정일자를 받을 수 없는데 신청이 불가한가요?,"○ 확정일자가 날인된 임대차계약서를 제출하는 것이 원칙 입니다. 단, 확정일자를 받을 수 없는 아래 경우는 객관적인 증빙서류 제출 시 예외 인정합니다.
1) 주택(원룸, 다가구주택, 무보증월세 등)은 ①~③ 중 하나 제출
① 공인중개사가 날인한 임대차계약서 사본
② 임대차계약서와 임대차 건물 등기부등본 사본
③ 임대차계약서와 주택 임대차 계약 신고필증
※ “확정일자 부여현황”은 주택임대차계약신고필증이 아님
※ 등기부등본상 임차주택의 소유주와 임대차계약서상 임대인 성명이 동일해야 하며, 다를 경우 임대인의 (임대)사업자등록증 사본을 추가 제출해야 함
• 등기부등본은 인터넷등기소(http://www.iros.go.kr)에서 발급가능
2) 고시원, 게스트하우스 등 ①, ② 모두 제출
① 입실확인서
※ 주의사항 : 임대인과 임차인의 성명, 생년월일 기재 및 도장 또는 서명 날인, 임차 보증금과 월세금액, 계약일자 등 기재 필수
※ 임대차계약사항이 기재된 입실확인서 등이 없는 경우 공고문 붙임 참고 서식(실거주 확인서) 편집하여 사용 가능
②(임대)사업자등록증 사본
※ 본인이 월세로 살고 있다는 것과 임대인이 건물주 또는 임대사업자 임을 증명할 수 있는 서류를 제출해야 합니다.
3) 전대차 계약인 경우 ①, ②, ③ 모두 제출
① 전대차 계약서
※(전대차 계약사항) 전대인과 전차인의 성명, 생년월일, 도장 또는 서명 날인, 임차보증금과 월세금액, 계약일자, 소재지 등이 기재되어 있어야 함
② 전대인의 임대차 계약서
③ 건축물대장, 건축물 현황도
※ 건축물대장 등 해당 주택의 내부구조 파악이 가능한 자료"
2025년 서울시 청년월세지원사업,Q52. 대학교 기숙사에 거주 중입니다. 임대차계약서 대신 어떤 서류를 제출해야 되나요?,○ 기숙사에 거주 중일 경우 거주기간 및 월차임이 명시된 거주확인서(임대료납부확인서)를 제출하시면 됩니다.
2025년 서울시 청년월세지원사업,"Q53. 고시원에 거주 중이라 정해진 계약기간이 없고 월세를 납부하면서 자동연장을 하는데, 신청 등록시 계약기간을 어떻게 작성하나요?","○ 월세 납부일을 기준으로 신청일이 포함되게 계약기간을 입력해 주시기 바랍니다.
예시) 신청일 : 6월 15일, 월세납부일 : 6월 25일 ⇒ 계약기간 : 5.25. ~ 6.25."
2025년 서울시 청년월세지원사업,Q54. 근린생활시설 거주 시 주택 유형은 어떻게 입력하나요,"○ 근린생활시설인 경우 4층 이하는 다세대주택, 5층 이상은 오피스텔로 선택하시면 됩니다."
2025년 서울시 청년월세지원사업,"Q55. 청년월세지원 접수 기간 이후 심사 중에 이사 예정이면, 신청 시 주소지를 어디로 입력해야 하나요?","○ 신청일 기준 주민등록상 거주지에 맞게 신청하시고 해당 거주지의 임대차계약서를 첨부하시면 됩니다. 향후 최종 선정자가 되었다면 이사한 곳의 임대차계약서, 본인 주민 등록초본을 첨부하여 변경신청 해주시기 바랍니다.
○ 최종 선정 후 이사로 인한 임대차계약 변경시 선정기준 (임차보증금 8천만원 및 월세 60만원이하)을 초과하여도 계속 지원이 가능합니다. 단, 서울시 외 지역으로 이사한 경우나 전세로 변경하는 등 월세 거주가 아닌 경우 지원이 중지됩니다."
2025년 서울시 청년월세지원사업,Q56. 서울시 외 타 지역으로 전출한 후 다시 서울시로 재전입하면 월세지원금을 받을 수 있나요?,"○ 서울시 청년월세지원은 서울시 거주요건이 필수조건이기 때문에, 서울시외 타 지역으로 전입신고 기록을 바꾸신 후 다시 서울시로 재전입하시더라도 월세지원금 중지 사유 입니다.
○ 타 지역으로 전출한 월까지의 월세 지원금을 수령하실 수 있습니다. (서울시 주거포털에서 중지신청 시)"
2025년 서울시 청년월세지원사업,Q57. 월세 지원받은 사실을 집주인이 알게 되나요?,"○ 청년월세지원은 당사자에게만 통보되며, 임대인에게는 통보되지 않습니다."
2025년 서울시 청년월세지원사업,Q58. 기준 중위소득 충족 여부는 어떻게 확인하나요?,"○ 신청인이 속한 가구의 건강보험료 부과액('25년 3월~5월 평균)이 보건복지부 건강보험료 소득판정 기준표상 금액 이하이면 신청 가능합니다.
○ 건강보험료 부과액은 국민건강보험공단에 일괄조회 의뢰 할 예정으로, 관련 서류를 따로 제출할 필요는 없습니다."
2025년 서울시 청년월세지원사업,"Q59. 건강보험료 납부(부과)액, 가구원 수 등은 어디에서 확인하나요?","○ 국민건강보험공단(https://www.nhis.or.kr) → '민원여기요'란 → 개인민원 → 증명서 발급 및 확인 → 보험료 납부확인서, 자격 확인서에서 확인 가능합니다.
(국민건강보험공단고객센터 ☎1577-1000)"
2025년 서울시 청년월세지원사업,Q60. 신청인이 아버지의 건강보험 피부양자로 등록된 경우 소득기준의 충족 여부는 어떻게 확인 하나요?,○ 신청인을 피부양자로 등록한 사람(부양자)의 건강보험료 부과액과 건강보험상 가구원수 확인 후 2025년 보건복지부 건강보험료 소득 판정기준표 중위소득 150% 기준금액 이하인지 확인하시고 신청하시면 됩니다.
2025년 서울시 청년월세지원사업,Q61. 소득 기준에 부모님 소득도 모두 포함되나요?,"○ 신청인이 속한 가구의 건강보험료 부과액으로 소득 판정을 합니다. 신청인의 건강보험이 부모와 별도로 되어 있다면 부모 소득은 포함되지 않습니다.
○ 단, 신청인의 건강보험이 피부양자(건강보험상 부모 등의 세대원 으로 등록)인 경우 주민등록이 부모와 별도 분리되어 있어도 부양자 부과액을 기준으로 합니다.
예시) 신청인의 건강보험이 아버지(부양자)의 피부양자로 등록되어 있음. 아버지는 직장가입자로 건강보험상 가구원수 3인으로 건강보험료 부과 시 → 월 건강보험료가 271,459원 이하인 경우 요건 충족함"
2025년 서울시 청년월세지원사업,Q62. 국민건강보험에 가입되어 있지 않은 경우에 신청이 가능한가요?,"○ 최근 3개월 고용·임금확인서[서식1] 또는 근로(사업)활동 및 소득신고서[서식2] 등 소득을 객관적으로 증빙할 수 있는 자료를 제출하시면 신청 가능합니다.
※ 공고문 붙임 참고 서식(고용·임금 확인서)을 편집하여 사용 가능
○ 다만 재외국민 중 6개월 미만 국내 체류로, 건강보험 피부양자 또는 지역가입자 자격을 상실하여 '25년 3월 ~ 5월 내 보험료 부과 내역이 없는 경우에는 신청이 불가합니다."
2025년 서울시 청년월세지원사업,Q63. 일반재산 중 토지와 건축물의 과세표준액은 어디에서 확인을 할 수 있나요?,"○ 토지와 건축물 소재지가 서울인 경우는 서울시 ETAX (https://etax.seoul.go.kr)에서 확인 가능합니다.
○ 그 외 지역은 WETAX에서 확인 가능합니다. (https://www.wetax.go.kr/main/)
※ 신청인 소유의 일반재산이 없는 경우는 확인 불필요"
2025년 서울시 청년월세지원사업,Q64. 차량시가표준액은 어디서 확인할 수 있나요?,○국세청 홈텍스(www.hometax.go.kr) 장려금·연말정산·기부금 메뉴 → 근로·자녀장려금 정기 신청 → “승용차 가액조회” 항목에서 조회 가능합니다.(문의 : ☎126 국세상담센터)
2025년 서울시 청년월세지원사업,"Q65. 주택, 분양권, 조합원 입주권 소유여부는 어디서 확인할 수 있나요?","○ 한국 부동산원 청약홈(www.applyhome.co.kr) → 청약자격 확인 → “주택소유 확인” 항목에서 확인 가능합니다.
○ 건축물 대장상 소유자가 확인되면, 한국부동산원 청약홈 “주택소유 확인”에서 조회되지 않더라도 주택 유형 및 크기에 관계없이 선정 제외됩니다. (문의 : ☎1644-7445)"
2025년 서울시 청년월세지원사업,"Q66. 주거용 오피스텔을 소유하고 있어도, 주택 소유자로 보나요?","○ 신청인 명의로 주거용 오피스텔을 소유하고 있다면, 주택 소유자로 보아 선정 제외됩니다.
○ 만약 상가용 오피스텔을 소유하고 있다면, 일반재산 가액에 오피스텔의 건축물과세표준액이 포함되며, 일반재산가액이 1억 3천만원을 초과하면 선정 제외됩니다.
※ 일반재산 : 토지, 건축물 시가표준액, 차량시가표준액, 임차보증금 포함"
2025년 서울시 청년월세지원사업,Q67. 현재 청년수당을 받고 있는데 청년월세지원을 신청할 수 있나요?,"○ 신청이 불가합니다. 지원 신청일 이전에 청년수당 지원이 종료되었거나 중단한 경우에는 신청 가능합니다.
(서울시 청년수당 콜센터 ☎1566-3344)"
2025년 서울시 청년월세지원사업,"Q68. 희망두배 청년통장, 청년구직활동 지원금을 받고 있는 경우 신청 대상에서 제외되나요?",○ 청년월세지원 제외 대상이 아니므로 신청 가능합니다.
2025년 서울시 청년월세지원사업,Q69. 법정 차상위계층은 신청 제외 대상인가요?,○ 법정 차상위계층은 신청 가능합니다.
2025년 서울시 청년월세지원사업,Q70. 서울형 주택바우처 수급자도 지원신청 가능한가요?,"○ 서울형 주택바우처 수급자도 신청 가능합니다.
다만 지원액은 바우처 수령액을 제외하고 지급합니다.
예시) 주택바우처 8만원을 수령할 경우 월세지원금은 12만원임"
2025년 서울시 청년월세지원사업,Q71. 협동조합(민달팽이유니온 등)에서 운영하는 사회적 주택에 거주하는데 신청 가능 할까요?,"○ 거주하고 있는 사회적 주택이 공공 임대주택에 해당된다면, 신청이 안됩니다. 다만, 민간 임대주택은 신청 가능합니다.
○ 공공주택특별법 등에 따른 공공임대주택*에 거주하고 있으면 사업신청 제외대상자입니다.
※ 민간임대주택법에 따른 공공지원민간임대주택 등 민간임대주택 거주자는 신청 가능
* 영구임대, 공공임대, 국민임대, 매입임대, 행복주택, 청년안심주택 (역세권청년주택), 장기안심주택, 특화형 매입임대주택(사회적주택), 도시형생활주택, 희망하우징, 전세임대주택, 공무원임대주택 등 (공공임대주택 관련 문의는 LH, SH에 문의)"
2025년 서울시 청년월세지원사업,Q72. 청년안심주택(공공지원민간임대)으로 입주할 예정입니다. 청년월세지원 신청이 가능할까요? 청년안심주택 임대보증금 지원과 월세지원을 같이 받을 수 있나요?,"○ 해당 청년안심주택(역세권청년주택)의 공급유형이 공공임대인 경우에는 사업 신청이 불가합니다. 다만, 공공지원민간임대 유형이라면 청년월세지원 신청이 가능합니다.
○ 청년안심주택 중 공공지원민간임대 유형으로써, 임대보증금 무이자 지원을 받는 경우에는 청년월세지원을 같이 받을 수 있습니다."
2025년 서울시 청년월세지원사업,Q73. 실업급여를 받고 있으면 신청 대상에서 제외되나요?,○ 청년월세지원 사업은 청년층의 주거안정을 지원하는 사업 으로 실업급여 수급자는 신청 가능합니다.
2025년 서울시 청년월세지원사업,Q74. 사회공헌 일자리에 참여 중입니다. 신청 대상이 될 수 없나요?,○ 일자리사업(사회공헌·뉴딜) 참여자는 지원 제외대상에 해당하지 않아 신청 가능합니다.
2025년 서울시 청년월세지원사업,"Q75. 타 시도에서 국토부 청년월세 한시 특별지원을 받았고, 서울시로 이사 왔습니다. 서울시에서도 청년월세지원을 받을 수 있나요?","○ 국토교통부 청년월세 한시 특별지원의 수혜가 종료된 후에 서울시 청년월세지원을 신청하는 것은 가능합니다.
○ 다만, 국토교통부 청년월세 한시 특별지원과 서울시 청년 월세지원 사업을 동시에 지원받는 것은 불가합니다."
2025년 서울시 청년월세지원사업,Q76. 공고문상의 지원 자격요건이 모두 충족되면 청년월세지원을 받을 수 있나요?,"○ 선정 예정인원은 1만 5천명으로, 자격요건이 모두 충족 되어도 심사통과 인원이 선정 예정인원 보다 많을 경우 구간별 전산 무작위 추첨으로 최종 지원 대상자가 확정됩 니다.
※ 심사 : 제출 서류 및 재산·소득·주택 소유 여부 등 월세지원 자격 심사"
2025년 서울시 청년월세지원사업,Q77. 구간별로 선정인원을 나누어 배정한 이유는 무엇인가요,"○ 임차보증금, 월세액, 소득을 기준으로 주거환경이 열악하고 소득이 낮은 청년을 우선 지원하고자 구간별 선정인원을 배정하게 되었습니다."
2025년 서울시 청년월세지원사업,"Q78. 보증금 3천만원, 월세 45만원인데 몇구간에 해당하나요?","○ 소득 반영이 필요하여 보증금과 월세만으로 구간확정이 어렵습니다. 구간은 보증금, 월세, 소득기준에 따라 확정됩니다."
2025년 서울시 청년월세지원사업,Q79. 심사 결과에 대한 이의신청은 어떻게 하나요?,"○ 제출서류에 대한 심사결과를 '25년 8월에 발표할 예정이며, 심사결과에 이의가 있는 사람은 서울주거포털 마이페이지 에서 이의신청을 등록할 수 있습니다.(1회만 신청 가능)
○ 자세한 사항은 서울주거포털의 공지사항을 참고하시기 바랍니다."
2025년 서울시 청년월세지원사업,Q80. 대기번호를 어떻게 알 수 있나요? 언제 대기자 선정연락을 주시나요? 대기자인데 합격 가능성은 있나요?,"○ 대기번호는 마이페이지에서 확인 가능합니다. 대기번호가 없을 경우 대기 없이 선정탈락이므로 다음에 다시 신청해 주시기 바랍니다.
○ 선정취소 예상 인원, 개별적인 대기 합격 여부 문의에 대해서는 답변드릴 수 없는 점 양해 부탁드립니다."
2025년 서울시 청년월세지원사업,Q81. 월세 지원금은 언제 지급되나요?,"○ 첫지급(7·8·9월분)은 10월 말 예정입니다.
2회차 지급분은 12월(10·11월분)에 지급될 예정이며, 잔여 7개월분은 '26년에 지급될 예정입니다.
(휴일 및 회계처리 마감 등 사정에 따라 지급 일정 변동 가능)"
2025년 서울시 청년월세지원사업,Q82. 매월 20만원씩 지원금이 입금되는 것인가요?,"○ 월세 지원금은 격월로 지급될 예정으로, '25년 10월말에 3개월분, 12월에 2개월분이 지급될 예정입니다.
(잔여 7개월분은 '26년에 지급될 예정이며, 휴일 및 회계처리 마감 등 사정에 따라 지급 일정 변동 가능합니다)"
2025년 서울시 청년월세지원사업,Q83. 20만원 이하의 월세 및 관리비도 지원되나요?,"○ 월세 지원 대상자가 전월 납부(계좌이체)한 월세를 지원하는 사업으로 실제 납부한 월세(천원단위 절사)만큼 지원됩니다. 관리비는 포함되지 않습니다.
※ 월세 10만8천원 납부 시 10만원 지원(천원단위 절사)"
2025년 서울시 청년월세지원사업,Q84. 서울형 주택바우처 수급자도 월 20만원씩 지원이 되나요?,"○ 서울형 주택바우처 수급자는 바우처 수령액을 제외한 차액을 지원합니다.
※ 월세 20만원 납부, 서울형 주택바우처 수령액 8만원인 경우 12만원 지원"
2025년 서울시 청년월세지원사업,Q85. 지원금 수령을 위한 신청인의 급여 입금 전용계좌 개설은 언제 하나요?,"○ 9월 예정이며, 최종 지원대상자 발표와 함께 자세한 사항은 선정자에게 추후 안내 드릴 예정입니다."
2025년 서울시 청년월세지원사업,Q86. 지원금 입금 전용계좌를 개설했는데 주거포털에 등록을 해야 하나요?,"○ 신한은행 청년드림통장 신규 개설 완료하면 ‘계좌 등록'은 별도로 하지 않아도 됩니다. 단, 서울주거포털 마이페이지에서 '약정체결'은 반드시 해야 합니다."
2025년 서울시 청년월세지원사업,Q87. 월세지원금은 어떤 방식으로 지원되나요?,"○ 신한은행 청년드림통장 개설 후, 신청인 계좌에 입금됩니다. 주소지 및 임대차계약 사항이 변경될 경우, 반드시 ‘변경 신청'을 등록하여야 합니다."
2025년 서울시 청년월세지원사업,Q88. 청년월세지원금을 받다가 중지될 수 있나요?,"○ 청년수당을 지급받거나 기초생활 수급, 월세 없는 전세이주 (이사), 서울시 외 지역으로 전출 등 중지사유 발생으로 인해 자격요건이 되지 않을 시에는 지원 중지 및 지원금이 환수 조치 될 수 있습니다.
○ 중지사유 발생 시 중지신청을 하여야 하며, 중지 사유가 발생한 다음 월부터 미지급처리 됩니다."
2025년 서울시 청년월세지원사업,"Q89. 신용불량, 압류 등으로 본인 명의 계좌 개설이 불가능한 경우 지원금을 받을 수 있나요?","○ 본인 명의 계좌 개설이 불가능한 경우 지원금 대리 수령을 신청하면 대리인에게 지원금이 지급됩니다.
○ 대리 수령 신청서 및 관련 서류(대리 수령 사유, 신청인과 대리인 관계 등 증빙서류)를 서울주거포털 마이페이지 - 청년월세지원 신청 현황[자세히보기] - 변경신청(대리수령) 등록하면 확인 후 계좌개설 주소를 신청인에게 안내해 드립니다.
※ 참고 서식(대리수령신청서)은 서울주거포털 ‘청년월세지원’란 자료실에 있음"
2025년 서울시 청년월세지원사업,Q90. 신청 제외 대상인데 착오 선정된 경우에는 어떻게 되나요?,○ 신청 당시에 청년월세지원 신청 제외대상자인 것으로 추후 확인이 될 경우 선정된 이후에도 선정 취소 및 지원금이 환수됩니다.
2025년 서울시 청년월세지원사업,Q91. 청년월세지원 대상자로 최종 선정이 되었는데 지원금을 받기 전에 선정 취소 가능한가요?,"○ 신청 취소 기한 내 가능합니다.
서울주거포털 - 마이페이지 - 청년월세지원 신청 현황 자세히 보기 - 신청정보 - 하단 [신청취소] 버튼 클릭
※ 신청 취소 기한은 선정자 발표 후 서울주거포털 공지사항을 참고하여 주시기 바랍니다."
2025년 서울시 청년월세지원사업,Q92. 월세 지원을 받던 중 타 시도로 이사가게 되었습니다. 지원 유지가 가능한가요?,"○ 월세 지원을 받는 중 서울시 외 타 지역으로 전출할 경우 중지사유에 해당되어 월세지원이 중지됩니다.
○ 중지사유 발생 시 중지신청을 하여야 중지 사유가 발생한 다음 월부터 미지급처리 됩니다."
2025년 서울시 청년월세지원사업,"Q93. 월세지원 대상자로 결정된 이후 취업을 하게 되거나, 소득이 증가한 경우 변경 신청이 필요한가요?","○ 월세지원 대상자로 결정된 이후에는 소득이 증가한다고 해서 지급이 중지되지 않으며, 지원기간 동안 월세를 지원받을 수 있습니다. 따로 변경신청을 하실 필요가 없습니다.
○ 선정 이후 연령 및 소득기준, 월세 및 임차보증금, 일반재산 등이 기준을 초과할 경우에도 계속 지원이 됩니다."
2025년 서울시 청년월세지원사업,Q94. 월세 지원금을 받는 중에 결혼하였습니다. 중지 사유에 해당이 되나요?,"○ 선정된 이후 세대원에 ‘19세~39세 청년인 형제·자매 및 동거인', 배우자, 자녀가 주민등록상 등재되어 있는 경우 가능하며, 그 외 다른 사람(부모 등)이 등재되어 있는 경우 는 중지사유에 해당됩니다."
2025년 서울시 청년월세지원사업,"Q95. 청년 월세 지원을 신청하여 받고 있는데, 주소지 및 임대차 계약사항이 변경되었습니다. 변경 신청 시 필요 서류는 무엇인가요?","○ 월세지원을 받는 중 서울 내 다른 월세집으로 이사간 경우 새로운 임대차계약서와 주민등록초본을 첨부하여 변경신청하시면 됩니다.
○ 만약 주소지는 변동 없이 계약사항이 변경되어 새로운 임대차계약서를 작성하였다면, 임대차계약서만 첨부하여 변경신청하시면 됩니다."
2025년 서울시 청년월세지원사업,"Q96. 청년 월세 지원을 신청하여 받고 있는데, 군 입대를 하게 되었습니다. 중지 사유에 해당이 되나요?",○ 월세 지원을 받는 중 군 입대를 하게 되면 중지신청을 하셔야 합니다. 중지사유가 발생한 날(입대일)이 포함된 월까지 지원금이 지급됩니다.
2025년 서울시 청년월세지원사업,Q97. 청년월세지원센터 전화 연결이 힘든데 어떻게 하나요?,"○ 모집 공고일부터 신청접수 마감일까지 문의 전화 폭주로 전화 통화가 원활하지 않을 수 있으니, 가급적 ☎1833-2030 ARS안내를 이용해 주시기 바랍니다."
서울형 청년인턴 직무캠프,직무캠프 신청자격은 어떻게 되나요?,"18세 이상~ 34세 이하의 서울시 거주 청년 구직자로 참여배제 사유가 없는 자 *모집공고일 기준 1990.4.2. ~ 2007.4.1. 출생자에 한하나, 「제대군인법 시행령」 제19조에 따라 제대군인의 응시연령을 군복무기간만큼 최대 3년 연장 *참여배제 대상 1. 서울시민이 아닌 자 2. 고등학교,대학 또는 대학원에 재학 중이거나 휴학 중인 자 * 졸업예정자 참여가능(졸업예정증명서 증빙 필수) 3. 서울시·중앙부처 등의 공공일자리 사업에 참여 중인 자 4. 2021~2024년 서울형 청년인턴 직무캠프 참여자 5. 신청서, 개인정보제공동의서 등 필수서류를 제출하지 않은 자 6. 서울시에 주민등록이 등재되어 있지 않은 외국인 7. 직무내용이 아동·청소년 관련 사업의 경우, 「아동·청소년 성보호에 관한 법률」 등에서 정한 범죄경력이 있는 자 8. 직무내용이 노인 관련 사업의 경우, 「노인복지법」 등에서 정한 범죄경력이 있는 자 9. 사업 참여 시작일(사전직무교육 시작일) 현재 취업상태인 자 10. 사업자등록증이 있는 자(단, 사업자등록을 한 경우라도 휴업신고를 하는 등 실제 사업을 하지 아니 하였음을 증명한 경우 또는 부동산 임대업 중 근로자를 고용하지 아니하고 임대사무실도 두지 아니한 경우임을 증명한 경우에는 참여 가능) 11. 기타 지병·건강쇠약 등으로 실습이 불가하다고 판단되는 자 외국인의 경우, 서울 소재 대학을 졸업한 34세 이하 청년으로 아래 요건을 모두 만족하여야 함 ※ 서류전형을 포함한 모든 선발전형은 한국어로 진행됨 ① D-10 비자 소지자이며 국내 체류기간이 2025.12.31.까지 유효한 자 ② 2025년 하반기 4개월간(7~10월 예정) 인턴활동(연수활동)에 결격사유 없는 자 ③ 2024년 8월 또는 2025년 2월 졸업생 ④ 한국어능력시험(TOPIK) 4~6급 이상 소지자(모집공고일 기준 유효기간 2년 내)-사업 참여배제 대상"
서울형 청년인턴 직무캠프,직무분야에 중복 신청할 수 있나요?,"1인 1개 직무분야 신청이 원칙입니다. E1. 경영사무 E2. 영업광고마케팅 E3. 국제협력 중복신청이 확인될 시, 탈락 조치됩니다."
서울형 청년인턴 직무캠프,"어학시험 성적표 관련하여, 기준점수가 있나요?","TOEIC,TOEFL,OPic 등 (모집공고일 기준 2년 내) 어학시험 성적표는 평가시 자료로 활용되며, 시험별 신청 가능한 기준점수는 두지 않습니다."
긴급생활안정자금 지원(한강론),채무조정은 신청하기만 하면 확정되는 건가요?,채무조정은 심의위원회 심의·의결 및 채권금융회사의 동의를 거쳐 확정됩니다. 이때 채권금융회사 동의는 무담보채권 및 담보채권 총액 중 동의한 채권금융회사 채권합계액이 과반수 이상이어야 합니다.
긴급생활안정자금 지원(한강론),채무조정을 신청할 수 있는 대상은?,"약정한 기일 내에 채무를 변제하지 아니하고, 위원회와 협약을 체결한 자(채권금융회사)에 대한 총 채무액이 15억원(무담보채무액 5억원, 담보채무액 10억원)이하이면서 최저생계비 이상의 수입이 있거나 심의위원회가 채무상환이 가능하다고 인정하는 경우 채무조정을 신청할 수 있습니다.
단, 채무자 소득이 최저생계비에 미달하더라도 가족 등 제3자가 채무상환에 필요한 소득을 제공할 수 있는 경우에는 채무조정을 신청할 수 있습니다."
긴급생활안정자금 지원(한강론),신용회복위원회의 채무조정제도는 무엇인가요?,"신용회복위원회의 채무조정제도는 채권금융회사에 대하여 채무자가 부담하는 채무를 상환기간 연장 및 분할상환, 상환유예, 채무감면 등의 방법으로 상환조건을 변경하여 안정적 채무상환 여건을 마련함으로써 채무자의 경제적 회생을 도모하는 제도입니다."
긴급생활안정자금 지원(한강론),개인회생 진행 절차는 어떻게 되나요?,"개인회생 절차는 아래와 같이 진행됩니다. 
개인회생 신청(신청일 부터 14일이내 변제계획안 제출) → 개인회생위원 선임 → 보전처분 중지명령, 포괄적 금지명령 → 개시결정(신청일 부터 1월이내) → 채권이의기간(개시결정일부터 2월이내) → 채권자집회(개시결정일부터 3월이내) → 변제계획인가(신용불량 등록해제) → 변제계획의 수행(개인회생위원 감독) → 면책"
긴급생활안정자금 지원(한강론),개인회생 신청 조건은 무엇인가요?,"개인회생 신청 조건은 아래와 같습니다.
① 급여소득자 또는 영업소득자 : 매달 월급이나 연금, 사업소득 등 정기적이고, 확실한 수입을 계속하여 얻을 가능성이 있는 사람이어야 합니다.
② 채무총액 : 무담보 채무의 경우 10억 원, 담보부 채무의 경우 15억 원을 넘지 않아야 합니다. 
③ 변제기간 : 5년을 초과할 수 없습니다.
④ 지급불능 : 소유하고 있는 재산(부동산, 동산, 예금, 임대차보증금반환채권 등)보다 채무가 많아야 합니다.
⑤ 종래 면책결정(파산절차에 의한 면책을 포함함)을 받은 적이 있다면 5년을 경과하여야 합니다."
긴급생활안정자금 지원(한강론),신용회복위원회 개인회생·파산 신청 지원 요건은 어떻게 되나요?,"신용회복위원회 개인파산 신청 지원 요건은 아래와 같습니다.
① 신용회복위원회 채무조정 제도로는 채무문제를 해결하기 어렵고 ② 소득 기준(국민기초생활보장법에 의해 보건복지부장관이 고시한 기준 중위소득 125%이하 소득자)을 충족하는 경우 개인회생·파산 신청 지원을 받을 수 있습니다.  
신용회복위원회를 통해 개인회생·파산을 진행하는 분들 중 사회취약계층(기초생활수급자, 장애인, 60세이상자, 한부모가족 등)에 해당하는 경우에는 개인회생·파산 절차에 소요되는 비용(인지대, 송달료, 파산관재인 비용 등)도 지원받을 수 있습니다.
세부적인 지원 기준은 위원회 지부 상담을 통해 확인해주시기 바랍니다."
서울형 긴급복지 지원,긴급복지 지원 대상 위기사유로는 무엇이 있나요?,"주소득자가 사망, 가출, 행방불명, 구금시설에 수용되는 등의 사유로 소득을 상실한 경우
중한 질병 또는 부상을 당한 경우
가구구성원으로부터 방임ㆍ유기되거나 학대 등을 당한 경우
가정폭력을 당하여 가구구성원과 함께 원만한 가정생활을 하기 곤란하거나 가구구성원으로부터 성폭력을 당한 경우
화재 또는 자연재해 등으로 인하여 거주하는 주택 또는 건물에서 생활하기 곤란하게 된 경우
주소득자 또는 부소득자의 휴업, 폐업 또는 건물에서 생활하기 곤란하게 된 경우
주소득자 또는 부소득자의 실직으로 소득을 상실한 경우
보건복지부령으로 정하는 기준에 따라 지방자치단체의 조례로 정한 사유가 발생한 경우
보건복지부장관이 정하여 고시하는 사유가 발생한 경우
① 이혼으로 소득이 현저히 감소한 경우
② 단전된 때
③ 교정시설에서 출소한 자가 생계 곤란한 때
④ 가족으로부터 방임ㆍ유기 또는 생계곤란 등으로 노숙을 하는 경우
⑤ 복지사각지대 발굴 대상자로서 관련 부서로부터 생계가 어렵다고 추천을 받은 경우
⑥ 통합사례관리 대상자로서 관련 부서로부터 생계가 어렵다고 추천을 받은 경우
⑦ 자살한 자의 유족, 자살을 시도한 자 또는 그의 가족인 자살 고위험군으로서 관련 기관으로부터 생계가 어렵다고 추천을 받은 경우
⑧ 타인의 범죄로 인하여 피해자가 거주하는 주택 또는 건물에서 생활하기 곤란하여 거주지를 이전하는 경우
- 전세사기피해자 지원 및 주거안정에 관한 특별법 제28조를 적용 받는 경우
- 10.29 이태원 참사 피해자 권리보장과 진상규명 및 재발방지를 위한 특별법 제62조를 적용받는 경우"
서울형 긴급복지 지원,긴급복지 지원 대상 위기사유 중 지방자치단체의 조례로 정한 사유,"입원환자, 치매노인, 알콜 중독자, 정신질환자 등을 간병, 보호 등으로 소득활동이 미미하여 생계가 어려운 경우
임신, 출산 후 6개월 이내로 아이양육 등으로 소득이 미미하여 생계가 어려운 경우
주 소득자의 군복무 등으로 생계가 어려운 경우
주거로 보기 어려운 창고, 폐가, 천막집, 다리 밑, 트럭 등으로 전전하며 생활하는 경우
부모 등 보호자의 가출, 알콜·도박 중독, 정신질환 등으로 사실상 아동을 방치하는 경우
「국민기초생활보장법」상 급여종류별 보장이 중지된 수급자 가구로서 중지된 날로부터 3개월 이내 생계가 어려운 경우
「국민기초생활보장법」상 급여를 신청하였으나 급여가 결정되기 전으로서 생계가 어려운 경우
「국민기초생활보장법」상 급여를 신청 후 급여종류별 보장 부적합 가구로 결정된 날로부터 3개월 이내 생계가 어려운 경우
실직, 폐업 등 사유로 수도, 가스 등 그 사용료 체납으로 인하여 1개월 이상 공급이 중단되어 생계가 어려운 경우
「국민기초생활보장법」에 따른 국민건강보험료를 최근 6개월 이상 체납된 경우
실직, 폐업 등 사유로 월세 등 주택임차료를 3개월 이상 체납된 경우
단, 임시거주지 포함하여 월 임대료 50만원 이하로 월세 차감 후 보전되어 있는 보증금이 주거지원 금융재산 기준 이하인 경우

신용회복위원회 사전채무조정제도를 통해 채무변제유예처분을 받은 사람 중 생계가 어려운 경우
과다채무로 3개월 이상 상환하고 있으며 생계가 어려운 경우
자살고위험군으로 생계가 어렵다고 보건소, 정신건강보건센터, 의료기관 등에서 추천하는 경우
통합사례관리 대상자 중 생계가 어렵다고 관련 부서에서 추천하는 경우
그 밖에 구청장이 정하는 사유로 생계가 어려운 경우
※ 지방자치단체의 조례로 정한 사유는 각 구청마다 다를 수 있습니다."
2025년 서울시 청년월세지원 사업,청년 1인 가구 기준은 무엇인가요?,"신청인의 주민등록 기준입니다. 주민등록상 신청인 혼자만  있는 경우 청년 1인 가구입니다. 다만, 청년(19세~39세)인 형제자매와 동거인이 있는 경우에도 신청 가능합니다."
2025년 서울시 청년월세지원 사업,다른 월세지원 사업을 중복으로 신청할 수 있나요?," 중복신청 불가능합니다. 국토교통부 청년월세 한시 특별지원, 은평형 청년월세지원, 서울시 청년월세지원 사업 등 다른 월세 지원금을 동시에 지원받고 있으면 신청이 불가능합니다."
2025년 서울시 청년월세지원 사업,"실제 거주는 서울, 주민등록은 경기도로 되어있습니다. 
청년 월세 지원 받을 수 있나요?","지원받을 수 없습니다. 주민등록상 주소지와 실거주지가 
모두 서울시이고, 임대차계약서 기준 임차주택 소재지와 
주민등록상 주소지가 동일해야 지원이 가능합니다."